timestamp,junction_id,current_phase,queue_main,queue_cross,downstream_edge,downstream_occupancy,spillback_risk,action,reason
0.0,J1,0,0,0,J1_J2,0.0,NORMAL,KEEP_GREEN,minimum green not satisfied (0.0s < 10.0s)
0.0,J2,0,0,0,J2_J3,0.0,NORMAL,KEEP_GREEN,minimum green not satisfied (0.0s < 10.0s)
0.0,J3,0,0,0,J3_J4,0.0,NORMAL,KEEP_GREEN,minimum green not satisfied (0.0s < 10.0s)
0.0,J4,0,0,0,J4_E5,0.0,NORMAL,KEEP_GREEN,minimum green not satisfied (0.0s < 10.0s)
1.0,J1,0,0,0,J1_J2,0.0,NORMAL,KEEP_GREEN,minimum green not satisfied (1.0s < 10.0s)
1.0,J2,0,0,0,J2_J3,0.0,NORMAL,KEEP_GREEN,minimum green not satisfied (1.0s < 10.0s)
1.0,J3,0,0,0,J3_J4,0.0,NORMAL,KEEP_GREEN,minimum green not satisfied (1.0s < 10.0s)
1.0,J4,0,0,0,J4_E5,0.0,NORMAL,KEEP_GREEN,minimum green not satisfied (1.0s < 10.0s)
2.0,J1,0,0,0,J1_J2,0.0,NORMAL,KEEP_GREEN,minimum green not satisfied (2.0s < 10.0s)
2.0,J2,0,0,0,J2_J3,0.0,NORMAL,KEEP_GREEN,minimum green not satisfied (2.0s < 10.0s)
2.0,J3,0,0,0,J3_J4,0.0,NORMAL,KEEP_GREEN,minimum green not satisfied (2.0s < 10.0s)
2.0,J4,0,0,0,J4_E5,0.0,NORMAL,KEEP_GREEN,minimum green not satisfied (2.0s < 10.0s)
3.0,J1,0,0,0,J1_J2,0.0,NORMAL,KEEP_GREEN,minimum green not satisfied (3.0s < 10.0s)
3.0,J2,0,0,0,J2_J3,0.0,NORMAL,KEEP_GREEN,minimum green not satisfied (3.0s < 10.0s)
3.0,J3,0,0,0,J3_J4,0.0,NORMAL,KEEP_GREEN,minimum green not satisfied (3.0s < 10.0s)
3.0,J4,0,0,0,J4_E5,0.0,NORMAL,KEEP_GREEN,minimum green not satisfied (3.0s < 10.0s)
4.0,J1,0,0,0,J1_J2,0.0,NORMAL,KEEP_GREEN,minimum green not satisfied (4.0s < 10.0s)
4.0,J2,0,0,0,J2_J3,0.0,NORMAL,KEEP_GREEN,minimum green not satisfied (4.0s < 10.0s)
4.0,J3,0,0,0,J3_J4,0.0,NORMAL,KEEP_GREEN,minimum green not satisfied (4.0s < 10.0s)
4.0,J4,0,0,0,J4_E5,0.0,NORMAL,KEEP_GREEN,minimum green not satisfied (4.0s < 10.0s)
5.0,J1,0,0,0,J1_J2,0.0,NORMAL,KEEP_GREEN,minimum green not satisfied (5.0s < 10.0s)
5.0,J2,0,0,0,J2_J3,0.0,NORMAL,KEEP_GREEN,minimum green not satisfied (5.0s < 10.0s)
5.0,J3,0,0,0,J3_J4,0.0,NORMAL,KEEP_GREEN,minimum green not satisfied (5.0s < 10.0s)
5.0,J4,0,0,0,J4_E5,0.0,NORMAL,KEEP_GREEN,minimum green not satisfied (5.0s < 10.0s)
6.0,J1,0,0,0,J1_J2,0.0,NORMAL,KEEP_GREEN,minimum green not satisfied (6.0s < 10.0s)
6.0,J2,0,0,0,J2_J3,0.0,NORMAL,KEEP_GREEN,minimum green not satisfied (6.0s < 10.0s)
6.0,J3,0,0,0,J3_J4,0.0,NORMAL,KEEP_GREEN,minimum green not satisfied (6.0s < 10.0s)
6.0,J4,0,0,0,J4_E5,0.0,NORMAL,KEEP_GREEN,minimum green not satisfied (6.0s < 10.0s)
7.0,J1,0,0,0,J1_J2,0.0,NORMAL,KEEP_GREEN,minimum green not satisfied (7.0s < 10.0s)
7.0,J2,0,0,0,J2_J3,0.0,NORMAL,KEEP_GREEN,minimum green not satisfied (7.0s < 10.0s)
7.0,J3,0,0,0,J3_J4,0.0,NORMAL,KEEP_GREEN,minimum green not satisfied (7.0s < 10.0s)
7.0,J4,0,0,0,J4_E5,0.0,NORMAL,KEEP_GREEN,minimum green not satisfied (7.0s < 10.0s)
8.0,J1,0,0,0,J1_J2,0.0,NORMAL,KEEP_GREEN,minimum green not satisfied (8.0s < 10.0s)
8.0,J2,0,0,0,J2_J3,0.0,NORMAL,KEEP_GREEN,minimum green not satisfied (8.0s < 10.0s)
8.0,J3,0,0,0,J3_J4,0.0,NORMAL,KEEP_GREEN,minimum green not satisfied (8.0s < 10.0s)
8.0,J4,0,0,0,J4_E5,0.0,NORMAL,KEEP_GREEN,minimum green not satisfied (8.0s < 10.0s)
9.0,J1,0,0,0,J1_J2,0.0,NORMAL,KEEP_GREEN,minimum green not satisfied (9.0s < 10.0s)
9.0,J2,0,0,0,J2_J3,0.0,NORMAL,KEEP_GREEN,minimum green not satisfied (9.0s < 10.0s)
9.0,J3,0,0,0,J3_J4,0.0,NORMAL,KEEP_GREEN,minimum green not satisfied (9.0s < 10.0s)
9.0,J4,0,0,0,J4_E5,0.0,NORMAL,KEEP_GREEN,minimum green not satisfied (9.0s < 10.0s)
10.0,J1,0,0,0,J1_J2,0.0,NORMAL,KEEP_GREEN,main demand below threshold
10.0,J2,0,0,0,J2_J3,0.0,NORMAL,KEEP_GREEN,main demand below threshold
10.0,J3,0,0,0,J3_J4,0.0,NORMAL,KEEP_GREEN,main demand below threshold
10.0,J4,0,0,0,J4_E5,0.0,NORMAL,KEEP_GREEN,main demand below threshold
11.0,J1,0,0,0,J1_J2,0.0,NORMAL,KEEP_GREEN,main demand below threshold
11.0,J2,0,0,0,J2_J3,0.0,NORMAL,KEEP_GREEN,main demand below threshold
11.0,J3,0,0,0,J3_J4,0.0,NORMAL,KEEP_GREEN,main demand below threshold
11.0,J4,0,0,0,J4_E5,0.0,NORMAL,KEEP_GREEN,main demand below threshold
12.0,J1,0,0,0,J1_J2,0.0,NORMAL,KEEP_GREEN,main demand below threshold
12.0,J2,0,0,0,J2_J3,0.0,NORMAL,KEEP_GREEN,main demand below threshold
12.0,J3,0,0,0,J3_J4,0.0,NORMAL,KEEP_GREEN,main demand below threshold
12.0,J4,0,0,0,J4_E5,0.0,NORMAL,KEEP_GREEN,main demand below threshold
13.0,J1,0,0,0,J1_J2,0.0,NORMAL,KEEP_GREEN,main demand below threshold
13.0,J2,0,0,0,J2_J3,0.0,NORMAL,KEEP_GREEN,main demand below threshold
13.0,J3,0,0,0,J3_J4,0.0,NORMAL,KEEP_GREEN,main demand below threshold
13.0,J4,0,0,0,J4_E5,0.0,NORMAL,KEEP_GREEN,main demand below threshold
14.0,J1,0,0,0,J1_J2,0.0,NORMAL,KEEP_GREEN,main demand below threshold
14.0,J2,0,0,0,J2_J3,0.0,NORMAL,KEEP_GREEN,main demand below threshold
14.0,J3,0,0,0,J3_J4,0.0,NORMAL,KEEP_GREEN,main demand below threshold
14.0,J4,0,0,0,J4_E5,0.0,NORMAL,KEEP_GREEN,main demand below threshold
15.0,J1,0,0,0,J1_J2,0.0,NORMAL,KEEP_GREEN,main demand below threshold
15.0,J2,0,0,0,J2_J3,0.0,NORMAL,KEEP_GREEN,main demand below threshold
15.0,J3,0,0,0,J3_J4,0.0,NORMAL,KEEP_GREEN,main demand below threshold
15.0,J4,0,0,0,J4_E5,0.0,NORMAL,KEEP_GREEN,main demand below threshold
16.0,J1,0,0,0,J1_J2,0.0,NORMAL,KEEP_GREEN,main demand below threshold
16.0,J2,0,0,0,J2_J3,0.0,NORMAL,KEEP_GREEN,main demand below threshold
16.0,J3,0,0,0,J3_J4,0.0,NORMAL,KEEP_GREEN,main demand below threshold
16.0,J4,0,0,0,J4_E5,0.0,NORMAL,KEEP_GREEN,main demand below threshold
17.0,J1,0,0,0,J1_J2,0.0,NORMAL,KEEP_GREEN,main demand below threshold
17.0,J2,0,0,0,J2_J3,0.0,NORMAL,KEEP_GREEN,main demand below threshold
17.0,J3,0,0,1,J3_J4,0.0,NORMAL,START_TRANSITION,main queue empty and cross queue waiting (1)
17.0,J4,0,0,1,J4_E5,0.0,NORMAL,START_TRANSITION,main queue empty and cross queue waiting (1)
18.0,J1,0,0,0,J1_J2,0.02,NORMAL,KEEP_GREEN,main demand below threshold
18.0,J2,0,0,0,J2_J3,0.0,NORMAL,KEEP_GREEN,main demand below threshold
18.0,J3,1,0,1,J3_J4,0.0,NORMAL,HOLD,clearance phase active
18.0,J4,1,0,1,J4_E5,0.0,NORMAL,HOLD,clearance phase active
19.0,J1,0,0,0,J1_J2,0.02,NORMAL,KEEP_GREEN,main demand below threshold
19.0,J2,0,0,0,J2_J3,0.0,NORMAL,KEEP_GREEN,main demand below threshold
19.0,J3,1,0,1,J3_J4,0.0,NORMAL,HOLD,clearance phase active
19.0,J4,1,0,1,J4_E5,0.0,NORMAL,HOLD,clearance phase active
20.0,J1,0,0,0,J1_J2,0.02,NORMAL,KEEP_GREEN,main demand below threshold
20.0,J2,0,0,0,J2_J3,0.0,NORMAL,KEEP_GREEN,main demand below threshold
20.0,J3,1,0,2,J3_J4,0.0,NORMAL,HOLD,clearance phase active
20.0,J4,1,0,1,J4_E5,0.0,NORMAL,HOLD,clearance phase active
21.0,J1,0,0,0,J1_J2,0.02,NORMAL,KEEP_GREEN,main demand below threshold
21.0,J2,0,0,0,J2_J3,0.0,NORMAL,KEEP_GREEN,main demand below threshold
21.0,J3,2,0,2,J3_J4,0.0,NORMAL,HOLD,clearance phase active
21.0,J4,2,0,1,J4_E5,0.0,NORMAL,HOLD,clearance phase active
22.0,J1,0,0,0,J1_J2,0.041,NORMAL,KEEP_GREEN,main demand below threshold
22.0,J2,0,0,0,J2_J3,0.0,NORMAL,KEEP_GREEN,main demand below threshold
22.0,J3,2,0,2,J3_J4,0.0,NORMAL,HOLD,clearance phase active
22.0,J4,2,0,1,J4_E5,0.0,NORMAL,HOLD,clearance phase active
23.0,J1,0,0,0,J1_J2,0.041,NORMAL,KEEP_GREEN,main demand below threshold
23.0,J2,0,0,0,J2_J3,0.0,NORMAL,KEEP_GREEN,main demand below threshold
23.0,J3,3,0,0,J3_J4,0.0,NORMAL,KEEP_GREEN,minimum green not satisfied (0.0s < 10.0s)
23.0,J4,3,0,0,J4_E5,0.0,NORMAL,KEEP_GREEN,minimum green not satisfied (0.0s < 10.0s)
24.0,J1,0,0,0,J1_J2,0.041,NORMAL,KEEP_GREEN,main demand below threshold
24.0,J2,0,0,0,J2_J3,0.0,NORMAL,KEEP_GREEN,main demand below threshold
24.0,J3,3,0,0,J3_J4,0.0,NORMAL,KEEP_GREEN,minimum green not satisfied (1.0s < 10.0s)
24.0,J4,3,0,0,J4_E5,0.0,NORMAL,KEEP_GREEN,minimum green not satisfied (1.0s < 10.0s)
25.0,J1,0,0,0,J1_J2,0.061,NORMAL,KEEP_GREEN,main demand below threshold
25.0,J2,0,0,0,J2_J3,0.0,NORMAL,KEEP_GREEN,main demand below threshold
25.0,J3,3,0,0,J3_J4,0.0,NORMAL,KEEP_GREEN,minimum green not satisfied (2.0s < 10.0s)
25.0,J4,3,1,0,J4_E5,0.0,NORMAL,KEEP_GREEN,minimum green not satisfied (2.0s < 10.0s)
26.0,J1,0,0,0,J1_J2,0.102,NORMAL,KEEP_GREEN,main demand below threshold
26.0,J2,0,0,1,J2_J3,0.0,NORMAL,START_TRANSITION,main queue empty and cross queue waiting (1)
26.0,J3,3,0,0,J3_J4,0.0,NORMAL,KEEP_GREEN,minimum green not satisfied (3.0s < 10.0s)
26.0,J4,3,1,0,J4_E5,0.0,NORMAL,KEEP_GREEN,minimum green not satisfied (3.0s < 10.0s)
27.0,J1,0,0,0,J1_J2,0.102,NORMAL,KEEP_GREEN,main demand below threshold
27.0,J2,1,0,1,J2_J3,0.0,NORMAL,HOLD,clearance phase active
27.0,J3,3,0,0,J3_J4,0.0,NORMAL,KEEP_GREEN,minimum green not satisfied (4.0s < 10.0s)
27.0,J4,3,1,0,J4_E5,0.0,NORMAL,KEEP_GREEN,minimum green not satisfied (4.0s < 10.0s)
28.0,J1,0,0,1,J1_J2,0.102,NORMAL,START_TRANSITION,main queue empty and cross queue waiting (1)
28.0,J2,1,0,1,J2_J3,0.0,NORMAL,HOLD,clearance phase active
28.0,J3,3,0,0,J3_J4,0.0,NORMAL,KEEP_GREEN,minimum green not satisfied (5.0s < 10.0s)
28.0,J4,3,2,0,J4_E5,0.0,NORMAL,KEEP_GREEN,minimum green not satisfied (5.0s < 10.0s)
29.0,J1,1,0,1,J1_J2,0.102,NORMAL,HOLD,clearance phase active
29.0,J2,1,0,1,J2_J3,0.0,NORMAL,HOLD,clearance phase active
29.0,J3,3,0,0,J3_J4,0.0,NORMAL,KEEP_GREEN,minimum green not satisfied (6.0s < 10.0s)
29.0,J4,3,2,0,J4_E5,0.0,NORMAL,KEEP_GREEN,minimum green not satisfied (6.0s < 10.0s)
30.0,J1,1,0,1,J1_J2,0.102,NORMAL,HOLD,clearance phase active
30.0,J2,2,0,1,J2_J3,0.0,NORMAL,HOLD,clearance phase active
30.0,J3,3,0,0,J3_J4,0.0,NORMAL,KEEP_GREEN,minimum green not satisfied (7.0s < 10.0s)
30.0,J4,3,3,0,J4_E5,0.0,NORMAL,KEEP_GREEN,minimum green not satisfied (7.0s < 10.0s)
31.0,J1,1,0,1,J1_J2,0.102,NORMAL,HOLD,clearance phase active
31.0,J2,2,0,1,J2_J3,0.0,NORMAL,HOLD,clearance phase active
31.0,J3,3,0,0,J3_J4,0.0,NORMAL,KEEP_GREEN,minimum green not satisfied (8.0s < 10.0s)
31.0,J4,3,3,0,J4_E5,0.0,NORMAL,KEEP_GREEN,minimum green not satisfied (8.0s < 10.0s)
32.0,J1,2,1,1,J1_J2,0.102,NORMAL,HOLD,clearance phase active
32.0,J2,3,0,0,J2_J3,0.0,NORMAL,KEEP_GREEN,minimum green not satisfied (0.0s < 10.0s)
32.0,J3,3,0,0,J3_J4,0.0,NORMAL,KEEP_GREEN,minimum green not satisfied (9.0s < 10.0s)
32.0,J4,3,3,0,J4_E5,0.0,NORMAL,KEEP_GREEN,minimum green not satisfied (9.0s < 10.0s)
33.0,J1,2,1,1,J1_J2,0.102,NORMAL,HOLD,clearance phase active
33.0,J2,3,0,0,J2_J3,0.0,NORMAL,KEEP_GREEN,minimum green not satisfied (1.0s < 10.0s)
33.0,J3,3,1,0,J3_J4,0.0,NORMAL,START_TRANSITION,cross queue empty and main queue waiting (1)
33.0,J4,3,3,0,J4_E5,0.0,NORMAL,START_TRANSITION,main queue (3) exceeds cross queue (0)
34.0,J1,3,2,0,J1_J2,0.102,NORMAL,KEEP_GREEN,minimum green not satisfied (0.0s < 10.0s)
34.0,J2,3,0,0,J2_J3,0.0,NORMAL,KEEP_GREEN,minimum green not satisfied (2.0s < 10.0s)
34.0,J3,4,1,0,J3_J4,0.0,NORMAL,HOLD,clearance phase active
34.0,J4,4,3,0,J4_E5,0.0,NORMAL,HOLD,clearance phase active
35.0,J1,3,2,0,J1_J2,0.102,NORMAL,KEEP_GREEN,minimum green not satisfied (1.0s < 10.0s)
35.0,J2,3,1,0,J2_J3,0.0,NORMAL,KEEP_GREEN,minimum green not satisfied (3.0s < 10.0s)
35.0,J3,4,1,0,J3_J4,0.0,NORMAL,HOLD,clearance phase active
35.0,J4,4,3,0,J4_E5,0.0,NORMAL,HOLD,clearance phase active
36.0,J1,3,3,0,J1_J2,0.102,NORMAL,KEEP_GREEN,minimum green not satisfied (2.0s < 10.0s)
36.0,J2,3,1,0,J2_J3,0.0,NORMAL,KEEP_GREEN,minimum green not satisfied (4.0s < 10.0s)
36.0,J3,4,1,0,J3_J4,0.0,NORMAL,HOLD,clearance phase active
36.0,J4,4,3,0,J4_E5,0.0,NORMAL,HOLD,clearance phase active
37.0,J1,3,3,0,J1_J2,0.102,NORMAL,KEEP_GREEN,minimum green not satisfied (3.0s < 10.0s)
37.0,J2,3,1,0,J2_J3,0.0,NORMAL,KEEP_GREEN,minimum green not satisfied (5.0s < 10.0s)
37.0,J3,5,1,0,J3_J4,0.0,NORMAL,HOLD,clearance phase active
37.0,J4,5,3,0,J4_E5,0.0,NORMAL,HOLD,clearance phase active
38.0,J1,3,4,0,J1_J2,0.102,NORMAL,KEEP_GREEN,minimum green not satisfied (4.0s < 10.0s)
38.0,J2,3,1,0,J2_J3,0.0,NORMAL,KEEP_GREEN,minimum green not satisfied (6.0s < 10.0s)
38.0,J3,5,1,0,J3_J4,0.0,NORMAL,HOLD,clearance phase active
38.0,J4,5,3,0,J4_E5,0.0,NORMAL,HOLD,clearance phase active
39.0,J1,3,4,0,J1_J2,0.102,NORMAL,KEEP_GREEN,minimum green not satisfied (5.0s < 10.0s)
39.0,J2,3,2,0,J2_J3,0.0,NORMAL,KEEP_GREEN,minimum green not satisfied (7.0s < 10.0s)
39.0,J3,0,0,0,J3_J4,0.0,NORMAL,KEEP_GREEN,minimum green not satisfied (0.0s < 10.0s)
39.0,J4,0,1,0,J4_E5,0.0,NORMAL,KEEP_GREEN,minimum green not satisfied (0.0s < 10.0s)
40.0,J1,3,5,0,J1_J2,0.102,NORMAL,KEEP_GREEN,minimum green not satisfied (6.0s < 10.0s)
40.0,J2,3,2,0,J2_J3,0.0,NORMAL,KEEP_GREEN,minimum green not satisfied (8.0s < 10.0s)
40.0,J3,0,0,0,J3_J4,0.0,NORMAL,KEEP_GREEN,minimum green not satisfied (1.0s < 10.0s)
40.0,J4,0,0,0,J4_E5,0.0,NORMAL,KEEP_GREEN,minimum green not satisfied (1.0s < 10.0s)
41.0,J1,3,5,0,J1_J2,0.102,NORMAL,KEEP_GREEN,minimum green not satisfied (7.0s < 10.0s)
41.0,J2,3,2,0,J2_J3,0.0,NORMAL,KEEP_GREEN,minimum green not satisfied (9.0s < 10.0s)
41.0,J3,0,0,0,J3_J4,0.0,NORMAL,KEEP_GREEN,minimum green not satisfied (2.0s < 10.0s)
41.0,J4,0,0,0,J4_E5,0.0,NORMAL,KEEP_GREEN,minimum green not satisfied (2.0s < 10.0s)
42.0,J1,3,5,0,J1_J2,0.102,NORMAL,KEEP_GREEN,minimum green not satisfied (8.0s < 10.0s)
42.0,J2,3,2,0,J2_J3,0.0,NORMAL,START_TRANSITION,cross queue empty and main queue waiting (2)
42.0,J3,0,0,0,J3_J4,0.0,NORMAL,KEEP_GREEN,minimum green not satisfied (3.0s < 10.0s)
42.0,J4,0,0,0,J4_E5,0.0,NORMAL,KEEP_GREEN,minimum green not satisfied (3.0s < 10.0s)
43.0,J1,3,5,0,J1_J2,0.102,NORMAL,KEEP_GREEN,minimum green not satisfied (9.0s < 10.0s)
43.0,J2,4,2,0,J2_J3,0.0,NORMAL,HOLD,clearance phase active
43.0,J3,0,0,0,J3_J4,0.0,NORMAL,KEEP_GREEN,minimum green not satisfied (4.0s < 10.0s)
43.0,J4,0,0,1,J4_E5,0.0,NORMAL,KEEP_GREEN,minimum green not satisfied (4.0s < 10.0s)
44.0,J1,3,5,0,J1_J2,0.102,NORMAL,START_TRANSITION,main queue (5) exceeds cross queue (0)
44.0,J2,4,4,0,J2_J3,0.0,NORMAL,HOLD,clearance phase active
44.0,J3,0,0,0,J3_J4,0.0,NORMAL,KEEP_GREEN,minimum green not satisfied (5.0s < 10.0s)
44.0,J4,0,0,2,J4_E5,0.0,NORMAL,KEEP_GREEN,minimum green not satisfied (5.0s < 10.0s)
45.0,J1,4,5,0,J1_J2,0.102,NORMAL,HOLD,clearance phase active
45.0,J2,4,4,0,J2_J3,0.0,NORMAL,HOLD,clearance phase active
45.0,J3,0,0,0,J3_J4,0.0,NORMAL,KEEP_GREEN,minimum green not satisfied (6.0s < 10.0s)
45.0,J4,0,0,2,J4_E5,0.0,NORMAL,KEEP_GREEN,minimum green not satisfied (6.0s < 10.0s)
46.0,J1,4,5,0,J1_J2,0.102,NORMAL,HOLD,clearance phase active
46.0,J2,5,5,0,J2_J3,0.0,NORMAL,HOLD,clearance phase active
46.0,J3,0,0,0,J3_J4,0.0,NORMAL,KEEP_GREEN,minimum green not satisfied (7.0s < 10.0s)
46.0,J4,0,0,2,J4_E5,0.0,NORMAL,KEEP_GREEN,minimum green not satisfied (7.0s < 10.0s)
47.0,J1,4,6,0,J1_J2,0.102,NORMAL,HOLD,clearance phase active
47.0,J2,5,5,0,J2_J3,0.0,NORMAL,HOLD,clearance phase active
47.0,J3,0,0,0,J3_J4,0.0,NORMAL,KEEP_GREEN,minimum green not satisfied (8.0s < 10.0s)
47.0,J4,0,0,2,J4_E5,0.0,NORMAL,KEEP_GREEN,minimum green not satisfied (8.0s < 10.0s)
48.0,J1,5,5,0,J1_J2,0.061,NORMAL,HOLD,clearance phase active
48.0,J2,0,3,0,J2_J3,0.0,NORMAL,KEEP_GREEN,minimum green not satisfied (0.0s < 10.0s)
48.0,J3,0,0,0,J3_J4,0.0,NORMAL,KEEP_GREEN,minimum green not satisfied (9.0s < 10.0s)
48.0,J4,0,0,2,J4_E5,0.0,NORMAL,KEEP_GREEN,minimum green not satisfied (9.0s < 10.0s)
49.0,J1,5,5,0,J1_J2,0.061,NORMAL,HOLD,clearance phase active
49.0,J2,0,1,0,J2_J3,0.0,NORMAL,KEEP_GREEN,minimum green not satisfied (1.0s < 10.0s)
49.0,J3,0,0,1,J3_J4,0.0,NORMAL,START_TRANSITION,main queue empty and cross queue waiting (1)
49.0,J4,0,0,2,J4_E5,0.0,NORMAL,START_TRANSITION,main queue empty and cross queue waiting (2)
50.0,J1,0,4,0,J1_J2,0.061,NORMAL,KEEP_GREEN,minimum green not satisfied (0.0s < 10.0s)
50.0,J2,0,0,0,J2_J3,0.0,NORMAL,KEEP_GREEN,minimum green not satisfied (2.0s < 10.0s)
50.0,J3,1,0,1,J3_J4,0.0,NORMAL,HOLD,clearance phase active
50.0,J4,1,0,2,J4_E5,0.0,NORMAL,HOLD,clearance phase active
51.0,J1,0,2,1,J1_J2,0.041,NORMAL,KEEP_GREEN,minimum green not satisfied (1.0s < 10.0s)
51.0,J2,0,0,0,J2_J3,0.02,NORMAL,KEEP_GREEN,minimum green not satisfied (3.0s < 10.0s)
51.0,J3,1,0,1,J3_J4,0.0,NORMAL,HOLD,clearance phase active
51.0,J4,1,0,2,J4_E5,0.0,NORMAL,HOLD,clearance phase active
52.0,J1,0,1,1,J1_J2,0.02,NORMAL,KEEP_GREEN,minimum green not satisfied (2.0s < 10.0s)
52.0,J2,0,0,0,J2_J3,0.041,NORMAL,KEEP_GREEN,minimum green not satisfied (4.0s < 10.0s)
52.0,J3,1,0,1,J3_J4,0.0,NORMAL,HOLD,clearance phase active
52.0,J4,1,0,2,J4_E5,0.0,NORMAL,HOLD,clearance phase active
53.0,J1,0,0,1,J1_J2,0.061,NORMAL,KEEP_GREEN,minimum green not satisfied (3.0s < 10.0s)
53.0,J2,0,0,0,J2_J3,0.041,NORMAL,KEEP_GREEN,minimum green not satisfied (5.0s < 10.0s)
53.0,J3,2,0,1,J3_J4,0.0,NORMAL,HOLD,clearance phase active
53.0,J4,2,0,2,J4_E5,0.0,NORMAL,HOLD,clearance phase active
54.0,J1,0,0,1,J1_J2,0.041,NORMAL,KEEP_GREEN,minimum green not satisfied (4.0s < 10.0s)
54.0,J2,0,0,0,J2_J3,0.082,NORMAL,KEEP_GREEN,minimum green not satisfied (6.0s < 10.0s)
54.0,J3,2,0,1,J3_J4,0.0,NORMAL,HOLD,clearance phase active
54.0,J4,2,0,2,J4_E5,0.0,NORMAL,HOLD,clearance phase active
55.0,J1,0,0,1,J1_J2,0.061,NORMAL,KEEP_GREEN,minimum green not satisfied (5.0s < 10.0s)
55.0,J2,0,0,0,J2_J3,0.082,NORMAL,KEEP_GREEN,minimum green not satisfied (7.0s < 10.0s)
55.0,J3,3,0,1,J3_J4,0.0,NORMAL,KEEP_GREEN,minimum green not satisfied (0.0s < 10.0s)
55.0,J4,3,0,1,J4_E5,0.0,NORMAL,KEEP_GREEN,minimum green not satisfied (0.0s < 10.0s)
56.0,J1,0,0,1,J1_J2,0.061,NORMAL,KEEP_GREEN,minimum green not satisfied (6.0s < 10.0s)
56.0,J2,0,0,0,J2_J3,0.102,NORMAL,KEEP_GREEN,minimum green not satisfied (8.0s < 10.0s)
56.0,J3,3,0,0,J3_J4,0.0,NORMAL,KEEP_GREEN,minimum green not satisfied (1.0s < 10.0s)
56.0,J4,3,0,0,J4_E5,0.0,NORMAL,KEEP_GREEN,minimum green not satisfied (1.0s < 10.0s)
57.0,J1,0,0,1,J1_J2,0.114,NORMAL,KEEP_GREEN,minimum green not satisfied (7.0s < 10.0s)
57.0,J2,0,0,0,J2_J3,0.102,NORMAL,KEEP_GREEN,minimum green not satisfied (9.0s < 10.0s)
57.0,J3,3,0,0,J3_J4,0.0,NORMAL,KEEP_GREEN,minimum green not satisfied (2.0s < 10.0s)
57.0,J4,3,0,0,J4_E5,0.0,NORMAL,KEEP_GREEN,minimum green not satisfied (2.0s < 10.0s)
58.0,J1,0,0,1,J1_J2,0.114,NORMAL,KEEP_GREEN,minimum green not satisfied (8.0s < 10.0s)
58.0,J2,0,0,0,J2_J3,0.102,NORMAL,KEEP_GREEN,main demand below threshold
58.0,J3,3,0,0,J3_J4,0.0,NORMAL,KEEP_GREEN,minimum green not satisfied (3.0s < 10.0s)
58.0,J4,3,0,0,J4_E5,0.0,NORMAL,KEEP_GREEN,minimum green not satisfied (3.0s < 10.0s)
59.0,J1,0,0,1,J1_J2,0.134,NORMAL,KEEP_GREEN,minimum green not satisfied (9.0s < 10.0s)
59.0,J2,0,0,0,J2_J3,0.102,NORMAL,KEEP_GREEN,main demand below threshold
59.0,J3,3,0,0,J3_J4,0.0,NORMAL,KEEP_GREEN,minimum green not satisfied (4.0s < 10.0s)
59.0,J4,3,0,0,J4_E5,0.0,NORMAL,KEEP_GREEN,minimum green not satisfied (4.0s < 10.0s)
60.0,J1,0,0,1,J1_J2,0.134,NORMAL,START_TRANSITION,main queue empty and cross queue waiting (1)
60.0,J2,0,0,0,J2_J3,0.102,NORMAL,KEEP_GREEN,main demand below threshold
60.0,J3,3,1,0,J3_J4,0.0,NORMAL,KEEP_GREEN,minimum green not satisfied (5.0s < 10.0s)
60.0,J4,3,0,0,J4_E5,0.0,NORMAL,KEEP_GREEN,minimum green not satisfied (5.0s < 10.0s)
61.0,J1,1,0,1,J1_J2,0.153,NORMAL,HOLD,clearance phase active
61.0,J2,0,0,0,J2_J3,0.102,NORMAL,KEEP_GREEN,main demand below threshold
61.0,J3,3,1,0,J3_J4,0.0,NORMAL,KEEP_GREEN,minimum green not satisfied (6.0s < 10.0s)
61.0,J4,3,0,0,J4_E5,0.0,NORMAL,KEEP_GREEN,minimum green not satisfied (6.0s < 10.0s)
62.0,J1,1,0,1,J1_J2,0.172,NORMAL,HOLD,clearance phase active
62.0,J2,0,0,0,J2_J3,0.102,NORMAL,KEEP_GREEN,main demand below threshold
62.0,J3,3,3,0,J3_J4,0.0,NORMAL,KEEP_GREEN,minimum green not satisfied (7.0s < 10.0s)
62.0,J4,3,0,0,J4_E5,0.0,NORMAL,KEEP_GREEN,minimum green not satisfied (7.0s < 10.0s)
63.0,J1,1,0,1,J1_J2,0.172,NORMAL,HOLD,clearance phase active
63.0,J2,0,0,0,J2_J3,0.102,NORMAL,KEEP_GREEN,main demand below threshold
63.0,J3,3,3,0,J3_J4,0.0,NORMAL,KEEP_GREEN,minimum green not satisfied (8.0s < 10.0s)
63.0,J4,3,0,0,J4_E5,0.0,NORMAL,KEEP_GREEN,minimum green not satisfied (8.0s < 10.0s)
64.0,J1,2,0,1,J1_J2,0.172,NORMAL,HOLD,clearance phase active
64.0,J2,0,0,0,J2_J3,0.102,NORMAL,KEEP_GREEN,main demand below threshold
64.0,J3,3,5,0,J3_J4,0.0,NORMAL,KEEP_GREEN,minimum green not satisfied (9.0s < 10.0s)
64.0,J4,3,0,0,J4_E5,0.0,NORMAL,KEEP_GREEN,minimum green not satisfied (9.0s < 10.0s)
65.0,J1,2,0,1,J1_J2,0.172,NORMAL,HOLD,clearance phase active
65.0,J2,0,0,0,J2_J3,0.102,NORMAL,KEEP_GREEN,main demand below threshold
65.0,J3,3,5,0,J3_J4,0.0,NORMAL,START_TRANSITION,main queue (5) exceeds cross queue (0)
65.0,J4,3,1,0,J4_E5,0.0,NORMAL,START_TRANSITION,cross queue empty and main queue waiting (1)
66.0,J1,3,1,0,J1_J2,0.172,NORMAL,KEEP_GREEN,minimum green not satisfied (0.0s < 10.0s)
66.0,J2,0,0,0,J2_J3,0.102,NORMAL,KEEP_GREEN,main demand below threshold
66.0,J3,4,5,0,J3_J4,0.0,NORMAL,HOLD,clearance phase active
66.0,J4,4,2,0,J4_E5,0.0,NORMAL,HOLD,clearance phase active
67.0,J1,3,2,0,J1_J2,0.153,NORMAL,KEEP_GREEN,minimum green not satisfied (1.0s < 10.0s)
67.0,J2,0,0,0,J2_J3,0.102,NORMAL,KEEP_GREEN,main demand below threshold
67.0,J3,4,5,0,J3_J4,0.0,NORMAL,HOLD,clearance phase active
67.0,J4,4,3,0,J4_E5,0.0,NORMAL,HOLD,clearance phase active
68.0,J1,3,2,0,J1_J2,0.134,NORMAL,KEEP_GREEN,minimum green not satisfied (2.0s < 10.0s)
68.0,J2,0,0,1,J2_J3,0.122,NORMAL,START_TRANSITION,main queue empty and cross queue waiting (1)
68.0,J3,4,5,0,J3_J4,0.0,NORMAL,HOLD,clearance phase active
68.0,J4,4,3,0,J4_E5,0.0,NORMAL,HOLD,clearance phase active
69.0,J1,3,2,0,J1_J2,0.134,NORMAL,KEEP_GREEN,minimum green not satisfied (3.0s < 10.0s)
69.0,J2,1,0,1,J2_J3,0.143,NORMAL,HOLD,clearance phase active
69.0,J3,5,5,0,J3_J4,0.0,NORMAL,HOLD,clearance phase active
69.0,J4,5,4,0,J4_E5,0.0,NORMAL,HOLD,clearance phase active
70.0,J1,3,2,0,J1_J2,0.134,NORMAL,KEEP_GREEN,minimum green not satisfied (4.0s < 10.0s)
70.0,J2,1,0,1,J2_J3,0.143,NORMAL,HOLD,clearance phase active
70.0,J3,5,7,0,J3_J4,0.0,NORMAL,HOLD,clearance phase active
70.0,J4,5,4,1,J4_E5,0.0,NORMAL,HOLD,clearance phase active
71.0,J1,3,2,0,J1_J2,0.134,NORMAL,KEEP_GREEN,minimum green not satisfied (5.0s < 10.0s)
71.0,J2,1,0,1,J2_J3,0.102,NORMAL,HOLD,clearance phase active
71.0,J3,0,5,0,J3_J4,0.0,NORMAL,KEEP_GREEN,minimum green not satisfied (0.0s < 10.0s)
71.0,J4,0,2,1,J4_E5,0.0,NORMAL,KEEP_GREEN,minimum green not satisfied (0.0s < 10.0s)
72.0,J1,3,2,0,J1_J2,0.134,NORMAL,KEEP_GREEN,minimum green not satisfied (6.0s < 10.0s)
72.0,J2,2,1,1,J2_J3,0.102,NORMAL,HOLD,clearance phase active
72.0,J3,0,2,1,J3_J4,0.0,NORMAL,KEEP_GREEN,minimum green not satisfied (1.0s < 10.0s)
72.0,J4,0,0,1,J4_E5,0.0,NORMAL,KEEP_GREEN,minimum green not satisfied (1.0s < 10.0s)
73.0,J1,3,3,0,J1_J2,0.134,NORMAL,KEEP_GREEN,minimum green not satisfied (7.0s < 10.0s)
73.0,J2,2,1,1,J2_J3,0.102,NORMAL,HOLD,clearance phase active
73.0,J3,0,0,1,J3_J4,0.0,NORMAL,KEEP_GREEN,minimum green not satisfied (2.0s < 10.0s)
73.0,J4,0,0,1,J4_E5,0.0,NORMAL,KEEP_GREEN,minimum green not satisfied (2.0s < 10.0s)
74.0,J1,3,3,0,J1_J2,0.134,NORMAL,KEEP_GREEN,minimum green not satisfied (8.0s < 10.0s)
74.0,J2,3,1,0,J2_J3,0.061,NORMAL,KEEP_GREEN,minimum green not satisfied (0.0s < 10.0s)
74.0,J3,0,0,1,J3_J4,0.041,NORMAL,KEEP_GREEN,minimum green not satisfied (3.0s < 10.0s)
74.0,J4,0,0,1,J4_E5,0.0,NORMAL,KEEP_GREEN,minimum green not satisfied (3.0s < 10.0s)
75.0,J1,3,4,0,J1_J2,0.134,NORMAL,KEEP_GREEN,minimum green not satisfied (9.0s < 10.0s)
75.0,J2,3,1,0,J2_J3,0.061,NORMAL,KEEP_GREEN,minimum green not satisfied (1.0s < 10.0s)
75.0,J3,0,0,1,J3_J4,0.041,NORMAL,KEEP_GREEN,minimum green not satisfied (4.0s < 10.0s)
75.0,J4,0,0,1,J4_E5,0.0,NORMAL,KEEP_GREEN,minimum green not satisfied (4.0s < 10.0s)
76.0,J1,3,5,0,J1_J2,0.134,NORMAL,START_TRANSITION,main queue (5) exceeds cross queue (0)
76.0,J2,3,3,0,J2_J3,0.061,NORMAL,KEEP_GREEN,minimum green not satisfied (2.0s < 10.0s)
76.0,J3,0,0,1,J3_J4,0.082,NORMAL,KEEP_GREEN,minimum green not satisfied (5.0s < 10.0s)
76.0,J4,0,0,1,J4_E5,0.0,NORMAL,KEEP_GREEN,minimum green not satisfied (5.0s < 10.0s)
77.0,J1,4,5,0,J1_J2,0.134,NORMAL,HOLD,clearance phase active
77.0,J2,3,3,0,J2_J3,0.041,NORMAL,KEEP_GREEN,minimum green not satisfied (3.0s < 10.0s)
77.0,J3,0,0,2,J3_J4,0.082,NORMAL,KEEP_GREEN,minimum green not satisfied (6.0s < 10.0s)
77.0,J4,0,0,1,J4_E5,0.0,NORMAL,KEEP_GREEN,minimum green not satisfied (6.0s < 10.0s)
78.0,J1,4,6,0,J1_J2,0.134,NORMAL,HOLD,clearance phase active
78.0,J2,3,5,0,J2_J3,0.041,NORMAL,KEEP_GREEN,minimum green not satisfied (4.0s < 10.0s)
78.0,J3,0,0,2,J3_J4,0.102,NORMAL,KEEP_GREEN,minimum green not satisfied (7.0s < 10.0s)
78.0,J4,0,0,1,J4_E5,0.0,NORMAL,KEEP_GREEN,minimum green not satisfied (7.0s < 10.0s)
79.0,J1,4,7,0,J1_J2,0.134,NORMAL,HOLD,clearance phase active
79.0,J2,3,6,0,J2_J3,0.041,NORMAL,KEEP_GREEN,minimum green not satisfied (5.0s < 10.0s)
79.0,J3,0,0,3,J3_J4,0.102,NORMAL,KEEP_GREEN,minimum green not satisfied (8.0s < 10.0s)
79.0,J4,0,0,1,J4_E5,0.0,NORMAL,KEEP_GREEN,minimum green not satisfied (8.0s < 10.0s)
80.0,J1,5,7,0,J1_J2,0.134,NORMAL,HOLD,clearance phase active
80.0,J2,3,6,0,J2_J3,0.041,NORMAL,KEEP_GREEN,minimum green not satisfied (6.0s < 10.0s)
80.0,J3,0,0,3,J3_J4,0.102,NORMAL,KEEP_GREEN,minimum green not satisfied (9.0s < 10.0s)
80.0,J4,0,0,1,J4_E5,0.0,NORMAL,KEEP_GREEN,minimum green not satisfied (9.0s < 10.0s)
81.0,J1,5,7,0,J1_J2,0.134,NORMAL,HOLD,clearance phase active
81.0,J2,3,6,0,J2_J3,0.041,NORMAL,KEEP_GREEN,minimum green not satisfied (7.0s < 10.0s)
81.0,J3,0,0,3,J3_J4,0.102,NORMAL,START_TRANSITION,cross queue (3) exceeds main queue (0)
81.0,J4,0,0,1,J4_E5,0.0,NORMAL,START_TRANSITION,main queue empty and cross queue waiting (1)
82.0,J1,0,4,0,J1_J2,0.134,NORMAL,KEEP_GREEN,minimum green not satisfied (0.0s < 10.0s)
82.0,J2,3,6,0,J2_J3,0.02,NORMAL,KEEP_GREEN,minimum green not satisfied (8.0s < 10.0s)
82.0,J3,1,0,3,J3_J4,0.102,NORMAL,HOLD,clearance phase active
82.0,J4,1,0,1,J4_E5,0.0,NORMAL,HOLD,clearance phase active
83.0,J1,0,2,0,J1_J2,0.134,NORMAL,KEEP_GREEN,minimum green not satisfied (1.0s < 10.0s)
83.0,J2,3,6,0,J2_J3,0.02,NORMAL,KEEP_GREEN,minimum green not satisfied (9.0s < 10.0s)
83.0,J3,1,0,3,J3_J4,0.122,NORMAL,HOLD,clearance phase active
83.0,J4,1,0,1,J4_E5,0.0,NORMAL,HOLD,clearance phase active
84.0,J1,0,1,0,J1_J2,0.134,NORMAL,KEEP_GREEN,minimum green not satisfied (2.0s < 10.0s)
84.0,J2,3,6,0,J2_J3,0.02,NORMAL,START_TRANSITION,main queue (6) exceeds cross queue (0)
84.0,J3,1,0,4,J3_J4,0.122,NORMAL,HOLD,clearance phase active
84.0,J4,1,0,1,J4_E5,0.0,NORMAL,HOLD,clearance phase active
85.0,J1,0,0,0,J1_J2,0.172,NORMAL,KEEP_GREEN,minimum green not satisfied (3.0s < 10.0s)
85.0,J2,4,6,0,J2_J3,0.02,NORMAL,HOLD,clearance phase active
85.0,J3,2,1,4,J3_J4,0.122,NORMAL,HOLD,clearance phase active
85.0,J4,2,0,1,J4_E5,0.0,NORMAL,HOLD,clearance phase active
86.0,J1,0,0,0,J1_J2,0.172,NORMAL,KEEP_GREEN,minimum green not satisfied (4.0s < 10.0s)
86.0,J2,4,6,0,J2_J3,0.02,NORMAL,HOLD,clearance phase active
86.0,J3,2,1,4,J3_J4,0.122,NORMAL,HOLD,clearance phase active
86.0,J4,2,0,1,J4_E5,0.0,NORMAL,HOLD,clearance phase active
87.0,J1,0,0,0,J1_J2,0.21,NORMAL,KEEP_GREEN,minimum green not satisfied (5.0s < 10.0s)
87.0,J2,4,6,0,J2_J3,0.02,NORMAL,HOLD,clearance phase active
87.0,J3,3,1,2,J3_J4,0.122,NORMAL,KEEP_GREEN,minimum green not satisfied (0.0s < 10.0s)
87.0,J4,3,0,0,J4_E5,0.0,NORMAL,KEEP_GREEN,minimum green not satisfied (0.0s < 10.0s)
88.0,J1,0,0,0,J1_J2,0.21,NORMAL,KEEP_GREEN,minimum green not satisfied (6.0s < 10.0s)
88.0,J2,5,6,0,J2_J3,0.02,NORMAL,HOLD,clearance phase active
88.0,J3,3,1,1,J3_J4,0.122,NORMAL,KEEP_GREEN,minimum green not satisfied (1.0s < 10.0s)
88.0,J4,3,0,0,J4_E5,0.0,NORMAL,KEEP_GREEN,minimum green not satisfied (1.0s < 10.0s)
89.0,J1,0,0,0,J1_J2,0.247,NORMAL,KEEP_GREEN,minimum green not satisfied (7.0s < 10.0s)
89.0,J2,5,6,0,J2_J3,0.02,NORMAL,HOLD,clearance phase active
89.0,J3,3,1,0,J3_J4,0.122,NORMAL,KEEP_GREEN,minimum green not satisfied (2.0s < 10.0s)
89.0,J4,3,0,0,J4_E5,0.0,NORMAL,KEEP_GREEN,minimum green not satisfied (2.0s < 10.0s)
90.0,J1,0,0,0,J1_J2,0.21,NORMAL,KEEP_GREEN,minimum green not satisfied (8.0s < 10.0s)
90.0,J2,0,3,0,J2_J3,0.02,NORMAL,KEEP_GREEN,minimum green not satisfied (0.0s < 10.0s)
90.0,J3,3,1,0,J3_J4,0.122,NORMAL,KEEP_GREEN,minimum green not satisfied (3.0s < 10.0s)
90.0,J4,3,0,0,J4_E5,0.0,NORMAL,KEEP_GREEN,minimum green not satisfied (3.0s < 10.0s)
91.0,J1,0,0,0,J1_J2,0.247,NORMAL,KEEP_GREEN,minimum green not satisfied (9.0s < 10.0s)
91.0,J2,0,2,0,J2_J3,0.02,NORMAL,KEEP_GREEN,minimum green not satisfied (1.0s < 10.0s)
91.0,J3,3,2,0,J3_J4,0.122,NORMAL,KEEP_GREEN,minimum green not satisfied (4.0s < 10.0s)
91.0,J4,3,0,0,J4_E5,0.0,NORMAL,KEEP_GREEN,minimum green not satisfied (4.0s < 10.0s)
92.0,J1,0,0,0,J1_J2,0.247,NORMAL,KEEP_GREEN,main demand below threshold
92.0,J2,0,1,0,J2_J3,0.02,NORMAL,KEEP_GREEN,minimum green not satisfied (2.0s < 10.0s)
92.0,J3,3,3,0,J3_J4,0.122,NORMAL,KEEP_GREEN,minimum green not satisfied (5.0s < 10.0s)
92.0,J4,3,2,0,J4_E5,0.0,NORMAL,KEEP_GREEN,minimum green not satisfied (5.0s < 10.0s)
93.0,J1,0,0,0,J1_J2,0.228,NORMAL,KEEP_GREEN,main demand below threshold
93.0,J2,0,0,1,J2_J3,0.061,NORMAL,KEEP_GREEN,minimum green not satisfied (3.0s < 10.0s)
93.0,J3,3,4,0,J3_J4,0.122,NORMAL,KEEP_GREEN,minimum green not satisfied (6.0s < 10.0s)
93.0,J4,3,2,0,J4_E5,0.0,NORMAL,KEEP_GREEN,minimum green not satisfied (6.0s < 10.0s)
94.0,J1,0,0,0,J1_J2,0.204,NORMAL,KEEP_GREEN,main demand below threshold
94.0,J2,0,0,1,J2_J3,0.061,NORMAL,KEEP_GREEN,minimum green not satisfied (4.0s < 10.0s)
94.0,J3,3,6,0,J3_J4,0.122,NORMAL,KEEP_GREEN,minimum green not satisfied (7.0s < 10.0s)
94.0,J4,3,3,0,J4_E5,0.0,NORMAL,KEEP_GREEN,minimum green not satisfied (7.0s < 10.0s)
95.0,J1,0,0,1,J1_J2,0.184,NORMAL,START_TRANSITION,main queue empty and cross queue waiting (1)
95.0,J2,0,0,1,J2_J3,0.082,NORMAL,KEEP_GREEN,minimum green not satisfied (5.0s < 10.0s)
95.0,J3,3,6,0,J3_J4,0.122,NORMAL,KEEP_GREEN,minimum green not satisfied (8.0s < 10.0s)
95.0,J4,3,4,0,J4_E5,0.0,NORMAL,KEEP_GREEN,minimum green not satisfied (8.0s < 10.0s)
96.0,J1,1,0,1,J1_J2,0.184,NORMAL,HOLD,clearance phase active
96.0,J2,0,0,1,J2_J3,0.082,NORMAL,KEEP_GREEN,minimum green not satisfied (6.0s < 10.0s)
96.0,J3,3,6,0,J3_J4,0.122,NORMAL,KEEP_GREEN,minimum green not satisfied (9.0s < 10.0s)
96.0,J4,3,5,0,J4_E5,0.0,NORMAL,KEEP_GREEN,minimum green not satisfied (9.0s < 10.0s)
97.0,J1,1,0,1,J1_J2,0.184,NORMAL,HOLD,clearance phase active
97.0,J2,0,0,1,J2_J3,0.134,NORMAL,KEEP_GREEN,minimum green not satisfied (7.0s < 10.0s)
97.0,J3,3,6,0,J3_J4,0.122,NORMAL,START_TRANSITION,main queue (6) exceeds cross queue (0)
97.0,J4,3,5,0,J4_E5,0.0,NORMAL,START_TRANSITION,main queue (5) exceeds cross queue (0)
98.0,J1,1,0,1,J1_J2,0.163,NORMAL,HOLD,clearance phase active
98.0,J2,0,0,1,J2_J3,0.134,NORMAL,KEEP_GREEN,minimum green not satisfied (8.0s < 10.0s)
98.0,J3,4,6,0,J3_J4,0.122,NORMAL,HOLD,clearance phase active
98.0,J4,4,5,0,J4_E5,0.0,NORMAL,HOLD,clearance phase active
99.0,J1,2,0,2,J1_J2,0.163,NORMAL,HOLD,clearance phase active
99.0,J2,0,0,1,J2_J3,0.153,NORMAL,KEEP_GREEN,minimum green not satisfied (9.0s < 10.0s)
99.0,J3,4,6,0,J3_J4,0.122,NORMAL,HOLD,clearance phase active
99.0,J4,4,5,0,J4_E5,0.0,NORMAL,HOLD,clearance phase active
100.0,J1,2,0,2,J1_J2,0.122,NORMAL,HOLD,clearance phase active
100.0,J2,0,0,1,J2_J3,0.153,NORMAL,START_TRANSITION,main queue empty and cross queue waiting (1)
100.0,J3,4,6,0,J3_J4,0.122,NORMAL,HOLD,clearance phase active
100.0,J4,4,6,0,J4_E5,0.0,NORMAL,HOLD,clearance phase active
101.0,J1,3,0,0,J1_J2,0.122,NORMAL,KEEP_GREEN,minimum green not satisfied (0.0s < 10.0s)
101.0,J2,1,0,1,J2_J3,0.191,NORMAL,HOLD,clearance phase active
101.0,J3,5,6,0,J3_J4,0.122,NORMAL,HOLD,clearance phase active
101.0,J4,5,7,1,J4_E5,0.0,NORMAL,HOLD,clearance phase active
102.0,J1,3,1,0,J1_J2,0.122,NORMAL,KEEP_GREEN,minimum green not satisfied (1.0s < 10.0s)
102.0,J2,1,0,1,J2_J3,0.191,NORMAL,HOLD,clearance phase active
102.0,J3,5,6,0,J3_J4,0.122,NORMAL,HOLD,clearance phase active
102.0,J4,5,7,1,J4_E5,0.0,NORMAL,HOLD,clearance phase active
103.0,J1,3,1,0,J1_J2,0.122,NORMAL,KEEP_GREEN,minimum green not satisfied (2.0s < 10.0s)
103.0,J2,1,0,1,J2_J3,0.172,NORMAL,HOLD,clearance phase active
103.0,J3,0,3,0,J3_J4,0.082,NORMAL,KEEP_GREEN,minimum green not satisfied (0.0s < 10.0s)
103.0,J4,0,4,1,J4_E5,0.0,NORMAL,KEEP_GREEN,minimum green not satisfied (0.0s < 10.0s)
104.0,J1,3,1,0,J1_J2,0.122,NORMAL,KEEP_GREEN,minimum green not satisfied (3.0s < 10.0s)
104.0,J2,2,0,1,J2_J3,0.172,NORMAL,HOLD,clearance phase active
104.0,J3,0,1,0,J3_J4,0.082,NORMAL,KEEP_GREEN,minimum green not satisfied (1.0s < 10.0s)
104.0,J4,0,2,1,J4_E5,0.0,NORMAL,KEEP_GREEN,minimum green not satisfied (1.0s < 10.0s)
105.0,J1,3,1,0,J1_J2,0.122,NORMAL,KEEP_GREEN,minimum green not satisfied (4.0s < 10.0s)
105.0,J2,2,2,2,J2_J3,0.172,NORMAL,HOLD,clearance phase active
105.0,J3,0,0,0,J3_J4,0.082,NORMAL,KEEP_GREEN,minimum green not satisfied (2.0s < 10.0s)
105.0,J4,0,0,1,J4_E5,0.0,NORMAL,KEEP_GREEN,minimum green not satisfied (2.0s < 10.0s)
106.0,J1,3,1,0,J1_J2,0.122,NORMAL,KEEP_GREEN,minimum green not satisfied (5.0s < 10.0s)
106.0,J2,3,2,1,J2_J3,0.172,NORMAL,KEEP_GREEN,minimum green not satisfied (0.0s < 10.0s)
106.0,J3,0,0,0,J3_J4,0.082,NORMAL,KEEP_GREEN,minimum green not satisfied (3.0s < 10.0s)
106.0,J4,0,0,1,J4_E5,0.039,NORMAL,KEEP_GREEN,minimum green not satisfied (3.0s < 10.0s)
107.0,J1,3,1,0,J1_J2,0.122,NORMAL,KEEP_GREEN,minimum green not satisfied (6.0s < 10.0s)
107.0,J2,3,3,0,J2_J3,0.172,NORMAL,KEEP_GREEN,minimum green not satisfied (1.0s < 10.0s)
107.0,J3,0,0,0,J3_J4,0.061,NORMAL,KEEP_GREEN,minimum green not satisfied (4.0s < 10.0s)
107.0,J4,0,0,1,J4_E5,0.039,NORMAL,KEEP_GREEN,minimum green not satisfied (4.0s < 10.0s)
108.0,J1,3,1,0,J1_J2,0.122,NORMAL,KEEP_GREEN,minimum green not satisfied (7.0s < 10.0s)
108.0,J2,3,4,0,J2_J3,0.153,NORMAL,KEEP_GREEN,minimum green not satisfied (2.0s < 10.0s)
108.0,J3,0,0,0,J3_J4,0.041,NORMAL,KEEP_GREEN,minimum green not satisfied (5.0s < 10.0s)
108.0,J4,0,0,1,J4_E5,0.078,NORMAL,KEEP_GREEN,minimum green not satisfied (5.0s < 10.0s)
109.0,J1,3,1,0,J1_J2,0.122,NORMAL,KEEP_GREEN,minimum green not satisfied (8.0s < 10.0s)
109.0,J2,3,6,0,J2_J3,0.134,NORMAL,KEEP_GREEN,minimum green not satisfied (3.0s < 10.0s)
109.0,J3,0,0,0,J3_J4,0.02,NORMAL,KEEP_GREEN,minimum green not satisfied (6.0s < 10.0s)
109.0,J4,0,0,1,J4_E5,0.078,NORMAL,KEEP_GREEN,minimum green not satisfied (6.0s < 10.0s)
110.0,J1,3,1,0,J1_J2,0.122,NORMAL,KEEP_GREEN,minimum green not satisfied (9.0s < 10.0s)
110.0,J2,3,6,0,J2_J3,0.134,NORMAL,KEEP_GREEN,minimum green not satisfied (4.0s < 10.0s)
110.0,J3,0,0,0,J3_J4,0.041,NORMAL,KEEP_GREEN,minimum green not satisfied (7.0s < 10.0s)
110.0,J4,0,0,2,J4_E5,0.098,NORMAL,KEEP_GREEN,minimum green not satisfied (7.0s < 10.0s)
111.0,J1,3,1,0,J1_J2,0.122,NORMAL,START_TRANSITION,cross queue empty and main queue waiting (1)
111.0,J2,3,6,0,J2_J3,0.114,NORMAL,KEEP_GREEN,minimum green not satisfied (5.0s < 10.0s)
111.0,J3,0,0,0,J3_J4,0.061,NORMAL,KEEP_GREEN,minimum green not satisfied (8.0s < 10.0s)
111.0,J4,0,0,2,J4_E5,0.118,NORMAL,KEEP_GREEN,minimum green not satisfied (8.0s < 10.0s)
112.0,J1,4,2,0,J1_J2,0.122,NORMAL,HOLD,clearance phase active
112.0,J2,3,6,0,J2_J3,0.114,NORMAL,KEEP_GREEN,minimum green not satisfied (6.0s < 10.0s)
112.0,J3,0,0,0,J3_J4,0.082,NORMAL,KEEP_GREEN,minimum green not satisfied (9.0s < 10.0s)
112.0,J4,0,0,2,J4_E5,0.118,NORMAL,KEEP_GREEN,minimum green not satisfied (9.0s < 10.0s)
113.0,J1,4,3,0,J1_J2,0.122,NORMAL,HOLD,clearance phase active
113.0,J2,3,6,0,J2_J3,0.077,NORMAL,KEEP_GREEN,minimum green not satisfied (7.0s < 10.0s)
113.0,J3,0,0,0,J3_J4,0.082,NORMAL,KEEP_GREEN,main demand below threshold
113.0,J4,0,0,3,J4_E5,0.118,NORMAL,START_TRANSITION,cross queue (3) exceeds main queue (0)
114.0,J1,4,4,0,J1_J2,0.122,NORMAL,HOLD,clearance phase active
114.0,J2,3,6,0,J2_J3,0.077,NORMAL,KEEP_GREEN,minimum green not satisfied (8.0s < 10.0s)
114.0,J3,0,0,0,J3_J4,0.122,NORMAL,KEEP_GREEN,main demand below threshold
114.0,J4,1,0,3,J4_E5,0.118,NORMAL,HOLD,clearance phase active
115.0,J1,5,7,0,J1_J2,0.122,NORMAL,HOLD,clearance phase active
115.0,J2,3,6,0,J2_J3,0.058,NORMAL,KEEP_GREEN,minimum green not satisfied (9.0s < 10.0s)
115.0,J3,0,0,0,J3_J4,0.122,NORMAL,KEEP_GREEN,main demand below threshold
115.0,J4,1,0,3,J4_E5,0.118,NORMAL,HOLD,clearance phase active
116.0,J1,5,8,0,J1_J2,0.122,NORMAL,HOLD,clearance phase active
116.0,J2,3,6,0,J2_J3,0.025,NORMAL,START_TRANSITION,main queue (6) exceeds cross queue (0)
116.0,J3,0,0,0,J3_J4,0.143,NORMAL,KEEP_GREEN,main demand below threshold
116.0,J4,1,0,3,J4_E5,0.118,NORMAL,HOLD,clearance phase active
117.0,J1,0,5,0,J1_J2,0.122,NORMAL,KEEP_GREEN,minimum green not satisfied (0.0s < 10.0s)
117.0,J2,4,6,0,J2_J3,0.0,NORMAL,HOLD,clearance phase active
117.0,J3,0,0,0,J3_J4,0.172,NORMAL,KEEP_GREEN,main demand below threshold
117.0,J4,2,0,3,J4_E5,0.118,NORMAL,HOLD,clearance phase active
118.0,J1,0,2,0,J1_J2,0.122,NORMAL,KEEP_GREEN,minimum green not satisfied (1.0s < 10.0s)
118.0,J2,4,6,0,J2_J3,0.0,NORMAL,HOLD,clearance phase active
118.0,J3,0,0,0,J3_J4,0.191,NORMAL,KEEP_GREEN,main demand below threshold
118.0,J4,2,0,3,J4_E5,0.118,NORMAL,HOLD,clearance phase active
119.0,J1,0,0,0,J1_J2,0.122,NORMAL,KEEP_GREEN,minimum green not satisfied (2.0s < 10.0s)
119.0,J2,4,6,0,J2_J3,0.0,NORMAL,HOLD,clearance phase active
119.0,J3,0,0,0,J3_J4,0.191,NORMAL,KEEP_GREEN,main demand below threshold
119.0,J4,3,0,1,J4_E5,0.118,NORMAL,KEEP_GREEN,minimum green not satisfied (0.0s < 10.0s)
120.0,J1,0,0,0,J1_J2,0.143,NORMAL,KEEP_GREEN,minimum green not satisfied (3.0s < 10.0s)
120.0,J2,5,6,0,J2_J3,0.0,NORMAL,HOLD,clearance phase active
120.0,J3,0,0,0,J3_J4,0.191,NORMAL,KEEP_GREEN,main demand below threshold
120.0,J4,3,0,0,J4_E5,0.118,NORMAL,KEEP_GREEN,minimum green not satisfied (1.0s < 10.0s)
121.0,J1,0,0,0,J1_J2,0.143,NORMAL,KEEP_GREEN,minimum green not satisfied (4.0s < 10.0s)
121.0,J2,5,6,0,J2_J3,0.0,NORMAL,HOLD,clearance phase active
121.0,J3,0,0,0,J3_J4,0.191,NORMAL,KEEP_GREEN,main demand below threshold
121.0,J4,3,1,0,J4_E5,0.098,NORMAL,KEEP_GREEN,minimum green not satisfied (2.0s < 10.0s)
122.0,J1,0,0,0,J1_J2,0.153,NORMAL,KEEP_GREEN,minimum green not satisfied (5.0s < 10.0s)
122.0,J2,0,4,0,J2_J3,0.0,NORMAL,KEEP_GREEN,minimum green not satisfied (0.0s < 10.0s)
122.0,J3,0,0,1,J3_J4,0.191,NORMAL,START_TRANSITION,main queue empty and cross queue waiting (1)
122.0,J4,3,1,0,J4_E5,0.078,NORMAL,KEEP_GREEN,minimum green not satisfied (3.0s < 10.0s)
123.0,J1,0,0,0,J1_J2,0.153,NORMAL,KEEP_GREEN,minimum green not satisfied (6.0s < 10.0s)
123.0,J2,0,2,0,J2_J3,0.0,NORMAL,KEEP_GREEN,minimum green not satisfied (1.0s < 10.0s)
123.0,J3,1,0,1,J3_J4,0.191,NORMAL,HOLD,clearance phase active
123.0,J4,3,1,0,J4_E5,0.059,NORMAL,KEEP_GREEN,minimum green not satisfied (4.0s < 10.0s)
124.0,J1,0,0,0,J1_J2,0.172,NORMAL,KEEP_GREEN,minimum green not satisfied (7.0s < 10.0s)
124.0,J2,0,0,0,J2_J3,0.0,NORMAL,KEEP_GREEN,minimum green not satisfied (2.0s < 10.0s)
124.0,J3,1,0,2,J3_J4,0.191,NORMAL,HOLD,clearance phase active
124.0,J4,3,2,0,J4_E5,0.059,NORMAL,KEEP_GREEN,minimum green not satisfied (5.0s < 10.0s)
125.0,J1,0,0,1,J1_J2,0.173,NORMAL,KEEP_GREEN,minimum green not satisfied (8.0s < 10.0s)
125.0,J2,0,0,1,J2_J3,0.041,NORMAL,KEEP_GREEN,minimum green not satisfied (3.0s < 10.0s)
125.0,J3,1,0,2,J3_J4,0.191,NORMAL,HOLD,clearance phase active
125.0,J4,3,3,0,J4_E5,0.02,NORMAL,KEEP_GREEN,minimum green not satisfied (6.0s < 10.0s)
126.0,J1,0,0,1,J1_J2,0.173,NORMAL,KEEP_GREEN,minimum green not satisfied (9.0s < 10.0s)
126.0,J2,0,0,1,J2_J3,0.041,NORMAL,KEEP_GREEN,minimum green not satisfied (4.0s < 10.0s)
126.0,J3,2,0,2,J3_J4,0.191,NORMAL,HOLD,clearance phase active
126.0,J4,3,3,0,J4_E5,0.02,NORMAL,KEEP_GREEN,minimum green not satisfied (7.0s < 10.0s)
127.0,J1,0,0,1,J1_J2,0.154,NORMAL,START_TRANSITION,main queue empty and cross queue waiting (1)
127.0,J2,0,0,1,J2_J3,0.082,NORMAL,KEEP_GREEN,minimum green not satisfied (5.0s < 10.0s)
127.0,J3,2,0,2,J3_J4,0.191,NORMAL,HOLD,clearance phase active
127.0,J4,3,3,0,J4_E5,0.0,NORMAL,KEEP_GREEN,minimum green not satisfied (8.0s < 10.0s)
128.0,J1,1,0,1,J1_J2,0.154,NORMAL,HOLD,clearance phase active
128.0,J2,0,0,1,J2_J3,0.082,NORMAL,KEEP_GREEN,minimum green not satisfied (6.0s < 10.0s)
128.0,J3,3,0,1,J3_J4,0.191,NORMAL,KEEP_GREEN,minimum green not satisfied (0.0s < 10.0s)
128.0,J4,3,4,0,J4_E5,0.0,NORMAL,KEEP_GREEN,minimum green not satisfied (9.0s < 10.0s)
129.0,J1,1,0,1,J1_J2,0.193,NORMAL,HOLD,clearance phase active
129.0,J2,0,0,1,J2_J3,0.122,NORMAL,KEEP_GREEN,minimum green not satisfied (7.0s < 10.0s)
129.0,J3,3,0,0,J3_J4,0.191,NORMAL,KEEP_GREEN,minimum green not satisfied (1.0s < 10.0s)
129.0,J4,3,6,0,J4_E5,0.0,NORMAL,START_TRANSITION,main queue (6) exceeds cross queue (0)
130.0,J1,1,1,1,J1_J2,0.193,NORMAL,HOLD,clearance phase active
130.0,J2,0,0,1,J2_J3,0.122,NORMAL,KEEP_GREEN,minimum green not satisfied (8.0s < 10.0s)
130.0,J3,3,1,0,J3_J4,0.191,NORMAL,KEEP_GREEN,minimum green not satisfied (2.0s < 10.0s)
130.0,J4,4,7,0,J4_E5,0.0,NORMAL,HOLD,clearance phase active
131.0,J1,2,1,1,J1_J2,0.193,NORMAL,HOLD,clearance phase active
131.0,J2,0,0,1,J2_J3,0.122,NORMAL,KEEP_GREEN,minimum green not satisfied (9.0s < 10.0s)
131.0,J3,3,2,0,J3_J4,0.191,NORMAL,KEEP_GREEN,minimum green not satisfied (3.0s < 10.0s)
131.0,J4,4,8,0,J4_E5,0.0,NORMAL,HOLD,clearance phase active
132.0,J1,2,1,1,J1_J2,0.193,NORMAL,HOLD,clearance phase active
132.0,J2,0,0,1,J2_J3,0.122,NORMAL,START_TRANSITION,main queue empty and cross queue waiting (1)
132.0,J3,3,2,0,J3_J4,0.191,NORMAL,KEEP_GREEN,minimum green not satisfied (4.0s < 10.0s)
132.0,J4,4,9,0,J4_E5,0.0,NORMAL,HOLD,clearance phase active
133.0,J1,3,2,0,J1_J2,0.193,NORMAL,KEEP_GREEN,minimum green not satisfied (0.0s < 10.0s)
133.0,J2,1,0,1,J2_J3,0.122,NORMAL,HOLD,clearance phase active
133.0,J3,3,2,0,J3_J4,0.191,NORMAL,KEEP_GREEN,minimum green not satisfied (5.0s < 10.0s)
133.0,J4,5,10,0,J4_E5,0.0,NORMAL,HOLD,clearance phase active
134.0,J1,3,2,0,J1_J2,0.193,NORMAL,KEEP_GREEN,minimum green not satisfied (1.0s < 10.0s)
134.0,J2,1,0,1,J2_J3,0.122,NORMAL,HOLD,clearance phase active
134.0,J3,3,2,0,J3_J4,0.191,NORMAL,KEEP_GREEN,minimum green not satisfied (6.0s < 10.0s)
134.0,J4,5,10,0,J4_E5,0.0,NORMAL,HOLD,clearance phase active
135.0,J1,3,2,0,J1_J2,0.193,NORMAL,KEEP_GREEN,minimum green not satisfied (2.0s < 10.0s)
135.0,J2,1,0,1,J2_J3,0.122,NORMAL,HOLD,clearance phase active
135.0,J3,3,2,0,J3_J4,0.153,NORMAL,KEEP_GREEN,minimum green not satisfied (7.0s < 10.0s)
135.0,J4,0,7,0,J4_E5,0.0,NORMAL,KEEP_GREEN,minimum green not satisfied (0.0s < 10.0s)
136.0,J1,3,3,0,J1_J2,0.193,NORMAL,KEEP_GREEN,minimum green not satisfied (3.0s < 10.0s)
136.0,J2,2,0,1,J2_J3,0.122,NORMAL,HOLD,clearance phase active
136.0,J3,3,2,0,J3_J4,0.153,NORMAL,KEEP_GREEN,minimum green not satisfied (8.0s < 10.0s)
136.0,J4,0,5,0,J4_E5,0.0,NORMAL,KEEP_GREEN,minimum green not satisfied (1.0s < 10.0s)
137.0,J1,3,4,0,J1_J2,0.193,NORMAL,KEEP_GREEN,minimum green not satisfied (4.0s < 10.0s)
137.0,J2,2,1,1,J2_J3,0.122,NORMAL,HOLD,clearance phase active
137.0,J3,3,2,0,J3_J4,0.153,NORMAL,KEEP_GREEN,minimum green not satisfied (9.0s < 10.0s)
137.0,J4,0,3,0,J4_E5,0.0,NORMAL,KEEP_GREEN,minimum green not satisfied (2.0s < 10.0s)
138.0,J1,3,4,0,J1_J2,0.193,NORMAL,KEEP_GREEN,minimum green not satisfied (5.0s < 10.0s)
138.0,J2,3,2,0,J2_J3,0.122,NORMAL,KEEP_GREEN,minimum green not satisfied (0.0s < 10.0s)
138.0,J3,3,2,0,J3_J4,0.115,NORMAL,START_TRANSITION,cross queue empty and main queue waiting (2)
138.0,J4,0,1,0,J4_E5,0.039,NORMAL,KEEP_GREEN,minimum green not satisfied (3.0s < 10.0s)
139.0,J1,3,4,0,J1_J2,0.193,NORMAL,KEEP_GREEN,minimum green not satisfied (6.0s < 10.0s)
139.0,J2,3,2,0,J2_J3,0.122,NORMAL,KEEP_GREEN,minimum green not satisfied (1.0s < 10.0s)
139.0,J3,4,2,0,J3_J4,0.115,NORMAL,HOLD,clearance phase active
139.0,J4,0,0,0,J4_E5,0.039,NORMAL,KEEP_GREEN,minimum green not satisfied (4.0s < 10.0s)
140.0,J1,3,4,0,J1_J2,0.193,NORMAL,KEEP_GREEN,minimum green not satisfied (7.0s < 10.0s)
140.0,J2,3,3,0,J2_J3,0.122,NORMAL,KEEP_GREEN,minimum green not satisfied (2.0s < 10.0s)
140.0,J3,4,2,0,J3_J4,0.096,NORMAL,HOLD,clearance phase active
140.0,J4,0,0,0,J4_E5,0.078,NORMAL,KEEP_GREEN,minimum green not satisfied (5.0s < 10.0s)
141.0,J1,3,5,0,J1_J2,0.193,NORMAL,KEEP_GREEN,minimum green not satisfied (8.0s < 10.0s)
141.0,J2,3,4,0,J2_J3,0.122,NORMAL,KEEP_GREEN,minimum green not satisfied (3.0s < 10.0s)
141.0,J3,4,3,0,J3_J4,0.077,NORMAL,HOLD,clearance phase active
141.0,J4,0,0,0,J4_E5,0.078,NORMAL,KEEP_GREEN,minimum green not satisfied (6.0s < 10.0s)
142.0,J1,3,7,0,J1_J2,0.193,NORMAL,KEEP_GREEN,minimum green not satisfied (9.0s < 10.0s)
142.0,J2,3,4,0,J2_J3,0.122,NORMAL,KEEP_GREEN,minimum green not satisfied (4.0s < 10.0s)
142.0,J3,5,4,0,J3_J4,0.058,NORMAL,HOLD,clearance phase active
142.0,J4,0,0,0,J4_E5,0.118,NORMAL,KEEP_GREEN,minimum green not satisfied (7.0s < 10.0s)
143.0,J1,3,9,0,J1_J2,0.193,NORMAL,START_TRANSITION,main queue (9) exceeds cross queue (0)
143.0,J2,3,5,0,J2_J3,0.122,NORMAL,KEEP_GREEN,minimum green not satisfied (5.0s < 10.0s)
143.0,J3,5,4,0,J3_J4,0.039,NORMAL,HOLD,clearance phase active
143.0,J4,0,0,0,J4_E5,0.118,NORMAL,KEEP_GREEN,minimum green not satisfied (8.0s < 10.0s)
144.0,J1,4,11,0,J1_J2,0.193,NORMAL,HOLD,clearance phase active
144.0,J2,3,6,0,J2_J3,0.082,NORMAL,KEEP_GREEN,minimum green not satisfied (6.0s < 10.0s)
144.0,J3,0,0,0,J3_J4,0.039,NORMAL,KEEP_GREEN,minimum green not satisfied (0.0s < 10.0s)
144.0,J4,0,0,0,J4_E5,0.157,NORMAL,KEEP_GREEN,minimum green not satisfied (9.0s < 10.0s)
145.0,J1,4,11,0,J1_J2,0.193,NORMAL,HOLD,clearance phase active
145.0,J2,3,7,0,J2_J3,0.082,NORMAL,KEEP_GREEN,minimum green not satisfied (7.0s < 10.0s)
145.0,J3,0,0,1,J3_J4,0.039,NORMAL,KEEP_GREEN,minimum green not satisfied (1.0s < 10.0s)
145.0,J4,0,0,0,J4_E5,0.157,NORMAL,KEEP_GREEN,main demand below threshold
146.0,J1,4,11,0,J1_J2,0.193,NORMAL,HOLD,clearance phase active
146.0,J2,3,7,0,J2_J3,0.082,NORMAL,KEEP_GREEN,minimum green not satisfied (8.0s < 10.0s)
146.0,J3,0,0,3,J3_J4,0.039,NORMAL,KEEP_GREEN,minimum green not satisfied (2.0s < 10.0s)
146.0,J4,0,0,0,J4_E5,0.157,NORMAL,KEEP_GREEN,main demand below threshold
147.0,J1,5,11,0,J1_J2,0.193,NORMAL,HOLD,clearance phase active
147.0,J2,3,9,0,J2_J3,0.041,NORMAL,KEEP_GREEN,minimum green not satisfied (9.0s < 10.0s)
147.0,J3,0,0,3,J3_J4,0.041,NORMAL,KEEP_GREEN,minimum green not satisfied (3.0s < 10.0s)
147.0,J4,0,0,0,J4_E5,0.157,NORMAL,KEEP_GREEN,main demand below threshold
148.0,J1,5,11,0,J1_J2,0.193,NORMAL,HOLD,clearance phase active
148.0,J2,3,9,0,J2_J3,0.041,NORMAL,START_TRANSITION,main queue (9) exceeds cross queue (0)
148.0,J3,0,0,3,J3_J4,0.041,NORMAL,KEEP_GREEN,minimum green not satisfied (4.0s < 10.0s)
148.0,J4,0,0,0,J4_E5,0.184,NORMAL,KEEP_GREEN,main demand below threshold
149.0,J1,0,7,1,J1_J2,0.193,NORMAL,KEEP_GREEN,minimum green not satisfied (0.0s < 10.0s)
149.0,J2,4,9,0,J2_J3,0.023,NORMAL,HOLD,clearance phase active
149.0,J3,0,0,4,J3_J4,0.082,NORMAL,KEEP_GREEN,minimum green not satisfied (5.0s < 10.0s)
149.0,J4,0,0,0,J4_E5,0.184,NORMAL,KEEP_GREEN,main demand below threshold
150.0,J1,0,3,1,J1_J2,0.193,NORMAL,KEEP_GREEN,minimum green not satisfied (1.0s < 10.0s)
150.0,J2,4,9,0,J2_J3,0.0,NORMAL,HOLD,clearance phase active
150.0,J3,0,0,4,J3_J4,0.082,NORMAL,KEEP_GREEN,minimum green not satisfied (6.0s < 10.0s)
150.0,J4,0,0,1,J4_E5,0.184,NORMAL,START_TRANSITION,main queue empty and cross queue waiting (1)
151.0,J1,0,2,1,J1_J2,0.193,NORMAL,KEEP_GREEN,minimum green not satisfied (2.0s < 10.0s)
151.0,J2,4,9,0,J2_J3,0.0,NORMAL,HOLD,clearance phase active
151.0,J3,0,0,4,J3_J4,0.122,NORMAL,KEEP_GREEN,minimum green not satisfied (7.0s < 10.0s)
151.0,J4,1,0,1,J4_E5,0.184,NORMAL,HOLD,clearance phase active
152.0,J1,0,1,1,J1_J2,0.231,NORMAL,KEEP_GREEN,minimum green not satisfied (3.0s < 10.0s)
152.0,J2,5,9,0,J2_J3,0.0,NORMAL,HOLD,clearance phase active
152.0,J3,0,0,4,J3_J4,0.122,NORMAL,KEEP_GREEN,minimum green not satisfied (8.0s < 10.0s)
152.0,J4,1,0,1,J4_E5,0.184,NORMAL,HOLD,clearance phase active
153.0,J1,0,1,1,J1_J2,0.231,NORMAL,KEEP_GREEN,minimum green not satisfied (4.0s < 10.0s)
153.0,J2,5,9,1,J2_J3,0.0,NORMAL,HOLD,clearance phase active
153.0,J3,0,0,4,J3_J4,0.122,NORMAL,KEEP_GREEN,minimum green not satisfied (9.0s < 10.0s)
153.0,J4,1,0,1,J4_E5,0.165,NORMAL,HOLD,clearance phase active
154.0,J1,0,0,1,J1_J2,0.211,NORMAL,KEEP_GREEN,minimum green not satisfied (5.0s < 10.0s)
154.0,J2,0,6,1,J2_J3,0.0,NORMAL,KEEP_GREEN,minimum green not satisfied (0.0s < 10.0s)
154.0,J3,0,0,4,J3_J4,0.122,NORMAL,START_TRANSITION,cross queue (4) exceeds main queue (0)
154.0,J4,2,0,1,J4_E5,0.165,NORMAL,HOLD,clearance phase active
155.0,J1,0,0,1,J1_J2,0.211,NORMAL,KEEP_GREEN,minimum green not satisfied (6.0s < 10.0s)
155.0,J2,0,4,1,J2_J3,0.0,NORMAL,KEEP_GREEN,minimum green not satisfied (1.0s < 10.0s)
155.0,J3,1,0,4,J3_J4,0.122,NORMAL,HOLD,clearance phase active
155.0,J4,2,1,1,J4_E5,0.147,NORMAL,HOLD,clearance phase active
156.0,J1,0,0,1,J1_J2,0.27,NORMAL,KEEP_GREEN,minimum green not satisfied (7.0s < 10.0s)
156.0,J2,0,2,1,J2_J3,0.0,NORMAL,KEEP_GREEN,minimum green not satisfied (2.0s < 10.0s)
156.0,J3,1,0,4,J3_J4,0.122,NORMAL,HOLD,clearance phase active
156.0,J4,3,1,0,J4_E5,0.129,NORMAL,KEEP_GREEN,minimum green not satisfied (0.0s < 10.0s)
157.0,J1,0,0,1,J1_J2,0.251,NORMAL,KEEP_GREEN,minimum green not satisfied (8.0s < 10.0s)
157.0,J2,0,0,1,J2_J3,0.041,NORMAL,KEEP_GREEN,minimum green not satisfied (3.0s < 10.0s)
157.0,J3,1,0,4,J3_J4,0.122,NORMAL,HOLD,clearance phase active
157.0,J4,3,1,0,J4_E5,0.111,NORMAL,KEEP_GREEN,minimum green not satisfied (1.0s < 10.0s)
158.0,J1,0,0,1,J1_J2,0.231,NORMAL,KEEP_GREEN,minimum green not satisfied (9.0s < 10.0s)
158.0,J2,0,0,1,J2_J3,0.041,NORMAL,KEEP_GREEN,minimum green not satisfied (4.0s < 10.0s)
158.0,J3,2,1,4,J3_J4,0.122,NORMAL,HOLD,clearance phase active
158.0,J4,3,1,0,J4_E5,0.092,NORMAL,KEEP_GREEN,minimum green not satisfied (2.0s < 10.0s)
159.0,J1,0,0,1,J1_J2,0.27,NORMAL,START_TRANSITION,main queue empty and cross queue waiting (1)
159.0,J2,0,0,1,J2_J3,0.061,NORMAL,KEEP_GREEN,minimum green not satisfied (5.0s < 10.0s)
159.0,J3,2,1,4,J3_J4,0.122,NORMAL,HOLD,clearance phase active
159.0,J4,3,1,0,J4_E5,0.074,NORMAL,KEEP_GREEN,minimum green not satisfied (3.0s < 10.0s)
160.0,J1,1,0,1,J1_J2,0.271,NORMAL,HOLD,clearance phase active
160.0,J2,0,0,1,J2_J3,0.061,NORMAL,KEEP_GREEN,minimum green not satisfied (6.0s < 10.0s)
160.0,J3,3,1,2,J3_J4,0.122,NORMAL,KEEP_GREEN,minimum green not satisfied (0.0s < 10.0s)
160.0,J4,3,2,0,J4_E5,0.038,NORMAL,KEEP_GREEN,minimum green not satisfied (4.0s < 10.0s)
161.0,J1,1,0,1,J1_J2,0.271,NORMAL,HOLD,clearance phase active
161.0,J2,0,0,1,J2_J3,0.115,NORMAL,KEEP_GREEN,minimum green not satisfied (7.0s < 10.0s)
161.0,J3,3,1,1,J3_J4,0.122,NORMAL,KEEP_GREEN,minimum green not satisfied (1.0s < 10.0s)
161.0,J4,3,2,0,J4_E5,0.038,NORMAL,KEEP_GREEN,minimum green not satisfied (5.0s < 10.0s)
162.0,J1,1,0,1,J1_J2,0.252,NORMAL,HOLD,clearance phase active
162.0,J2,0,0,1,J2_J3,0.115,NORMAL,KEEP_GREEN,minimum green not satisfied (8.0s < 10.0s)
162.0,J3,3,1,0,J3_J4,0.122,NORMAL,KEEP_GREEN,minimum green not satisfied (2.0s < 10.0s)
162.0,J4,3,2,0,J4_E5,0.038,NORMAL,KEEP_GREEN,minimum green not satisfied (6.0s < 10.0s)
163.0,J1,2,0,1,J1_J2,0.213,NORMAL,HOLD,clearance phase active
163.0,J2,0,0,1,J2_J3,0.115,NORMAL,KEEP_GREEN,minimum green not satisfied (9.0s < 10.0s)
163.0,J3,3,1,0,J3_J4,0.122,NORMAL,KEEP_GREEN,minimum green not satisfied (3.0s < 10.0s)
163.0,J4,3,3,0,J4_E5,0.038,NORMAL,KEEP_GREEN,minimum green not satisfied (7.0s < 10.0s)
164.0,J1,2,0,1,J1_J2,0.194,NORMAL,HOLD,clearance phase active
164.0,J2,0,0,1,J2_J3,0.135,NORMAL,START_TRANSITION,main queue empty and cross queue waiting (1)
164.0,J3,3,1,0,J3_J4,0.122,NORMAL,KEEP_GREEN,minimum green not satisfied (4.0s < 10.0s)
164.0,J4,3,3,0,J4_E5,0.038,NORMAL,KEEP_GREEN,minimum green not satisfied (8.0s < 10.0s)
165.0,J1,3,1,0,J1_J2,0.194,NORMAL,KEEP_GREEN,minimum green not satisfied (0.0s < 10.0s)
165.0,J2,1,0,1,J2_J3,0.174,NORMAL,HOLD,clearance phase active
165.0,J3,3,3,0,J3_J4,0.122,NORMAL,KEEP_GREEN,minimum green not satisfied (5.0s < 10.0s)
165.0,J4,3,5,0,J4_E5,0.038,NORMAL,KEEP_GREEN,minimum green not satisfied (9.0s < 10.0s)
166.0,J1,3,1,0,J1_J2,0.194,NORMAL,KEEP_GREEN,minimum green not satisfied (1.0s < 10.0s)
166.0,J2,1,0,1,J2_J3,0.193,NORMAL,HOLD,clearance phase active
166.0,J3,3,3,0,J3_J4,0.122,NORMAL,KEEP_GREEN,minimum green not satisfied (6.0s < 10.0s)
166.0,J4,3,6,0,J4_E5,0.0,NORMAL,START_TRANSITION,main queue (6) exceeds cross queue (0)
167.0,J1,3,1,0,J1_J2,0.194,NORMAL,KEEP_GREEN,minimum green not satisfied (2.0s < 10.0s)
167.0,J2,1,0,1,J2_J3,0.193,NORMAL,HOLD,clearance phase active
167.0,J3,3,3,0,J3_J4,0.122,NORMAL,KEEP_GREEN,minimum green not satisfied (7.0s < 10.0s)
167.0,J4,4,6,0,J4_E5,0.0,NORMAL,HOLD,clearance phase active
168.0,J1,3,1,0,J1_J2,0.194,NORMAL,KEEP_GREEN,minimum green not satisfied (3.0s < 10.0s)
168.0,J2,2,0,2,J2_J3,0.193,NORMAL,HOLD,clearance phase active
168.0,J3,3,3,0,J3_J4,0.122,NORMAL,KEEP_GREEN,minimum green not satisfied (8.0s < 10.0s)
168.0,J4,4,9,0,J4_E5,0.0,NORMAL,HOLD,clearance phase active
169.0,J1,3,2,0,J1_J2,0.194,NORMAL,KEEP_GREEN,minimum green not satisfied (4.0s < 10.0s)
169.0,J2,2,2,2,J2_J3,0.193,NORMAL,HOLD,clearance phase active
169.0,J3,3,3,0,J3_J4,0.122,NORMAL,KEEP_GREEN,minimum green not satisfied (9.0s < 10.0s)
169.0,J4,4,8,0,J4_E5,0.0,NORMAL,HOLD,clearance phase active
170.0,J1,3,2,0,J1_J2,0.194,NORMAL,KEEP_GREEN,minimum green not satisfied (5.0s < 10.0s)
170.0,J2,3,2,1,J2_J3,0.193,NORMAL,KEEP_GREEN,minimum green not satisfied (0.0s < 10.0s)
170.0,J3,3,3,0,J3_J4,0.122,NORMAL,START_TRANSITION,main queue (3) exceeds cross queue (0)
170.0,J4,5,9,0,J4_E5,0.0,NORMAL,HOLD,clearance phase active
171.0,J1,3,2,0,J1_J2,0.194,NORMAL,KEEP_GREEN,minimum green not satisfied (6.0s < 10.0s)
171.0,J2,3,3,0,J2_J3,0.193,NORMAL,KEEP_GREEN,minimum green not satisfied (1.0s < 10.0s)
171.0,J3,4,3,0,J3_J4,0.122,NORMAL,HOLD,clearance phase active
171.0,J4,5,9,0,J4_E5,0.0,NORMAL,HOLD,clearance phase active
172.0,J1,3,2,0,J1_J2,0.194,NORMAL,KEEP_GREEN,minimum green not satisfied (7.0s < 10.0s)
172.0,J2,3,4,0,J2_J3,0.193,NORMAL,KEEP_GREEN,minimum green not satisfied (2.0s < 10.0s)
172.0,J3,4,3,0,J3_J4,0.082,NORMAL,HOLD,clearance phase active
172.0,J4,0,6,0,J4_E5,0.0,NORMAL,KEEP_GREEN,minimum green not satisfied (0.0s < 10.0s)
173.0,J1,3,3,0,J1_J2,0.194,NORMAL,KEEP_GREEN,minimum green not satisfied (8.0s < 10.0s)
173.0,J2,3,5,0,J2_J3,0.193,NORMAL,KEEP_GREEN,minimum green not satisfied (3.0s < 10.0s)
173.0,J3,4,3,0,J3_J4,0.082,NORMAL,HOLD,clearance phase active
173.0,J4,0,2,0,J4_E5,0.0,NORMAL,KEEP_GREEN,minimum green not satisfied (1.0s < 10.0s)
174.0,J1,3,3,0,J1_J2,0.194,NORMAL,KEEP_GREEN,minimum green not satisfied (9.0s < 10.0s)
174.0,J2,3,5,0,J2_J3,0.193,NORMAL,KEEP_GREEN,minimum green not satisfied (4.0s < 10.0s)
174.0,J3,5,3,0,J3_J4,0.082,NORMAL,HOLD,clearance phase active
174.0,J4,0,0,0,J4_E5,0.0,NORMAL,KEEP_GREEN,minimum green not satisfied (2.0s < 10.0s)
175.0,J1,3,4,0,J1_J2,0.194,NORMAL,START_TRANSITION,main queue (4) exceeds cross queue (0)
175.0,J2,3,6,0,J2_J3,0.193,NORMAL,KEEP_GREEN,minimum green not satisfied (5.0s < 10.0s)
175.0,J3,5,4,0,J3_J4,0.041,NORMAL,HOLD,clearance phase active
175.0,J4,0,0,0,J4_E5,0.039,NORMAL,KEEP_GREEN,minimum green not satisfied (3.0s < 10.0s)
176.0,J1,4,4,0,J1_J2,0.194,NORMAL,HOLD,clearance phase active
176.0,J2,3,8,0,J2_J3,0.154,NORMAL,KEEP_GREEN,minimum green not satisfied (6.0s < 10.0s)
176.0,J3,0,1,0,J3_J4,0.041,NORMAL,KEEP_GREEN,minimum green not satisfied (0.0s < 10.0s)
176.0,J4,0,0,1,J4_E5,0.039,NORMAL,KEEP_GREEN,minimum green not satisfied (4.0s < 10.0s)
177.0,J1,4,5,0,J1_J2,0.194,NORMAL,HOLD,clearance phase active
177.0,J2,3,9,0,J2_J3,0.154,NORMAL,KEEP_GREEN,minimum green not satisfied (7.0s < 10.0s)
177.0,J3,0,0,0,J3_J4,0.013,NORMAL,KEEP_GREEN,minimum green not satisfied (1.0s < 10.0s)
177.0,J4,0,0,1,J4_E5,0.078,NORMAL,KEEP_GREEN,minimum green not satisfied (5.0s < 10.0s)
178.0,J1,4,5,0,J1_J2,0.194,NORMAL,HOLD,clearance phase active
178.0,J2,3,10,0,J2_J3,0.154,NORMAL,KEEP_GREEN,minimum green not satisfied (8.0s < 10.0s)
178.0,J3,0,0,0,J3_J4,0.0,NORMAL,KEEP_GREEN,minimum green not satisfied (2.0s < 10.0s)
178.0,J4,0,0,1,J4_E5,0.078,NORMAL,KEEP_GREEN,minimum green not satisfied (6.0s < 10.0s)
179.0,J1,5,5,0,J1_J2,0.194,NORMAL,HOLD,clearance phase active
179.0,J2,3,10,0,J2_J3,0.136,NORMAL,KEEP_GREEN,minimum green not satisfied (9.0s < 10.0s)
179.0,J3,0,0,0,J3_J4,0.041,NORMAL,KEEP_GREEN,minimum green not satisfied (3.0s < 10.0s)
179.0,J4,0,0,1,J4_E5,0.118,NORMAL,KEEP_GREEN,minimum green not satisfied (7.0s < 10.0s)
180.0,J1,5,8,0,J1_J2,0.194,NORMAL,HOLD,clearance phase active
180.0,J2,3,10,0,J2_J3,0.096,NORMAL,START_TRANSITION,main queue (10) exceeds cross queue (0)
180.0,J3,0,0,0,J3_J4,0.041,NORMAL,KEEP_GREEN,minimum green not satisfied (4.0s < 10.0s)
180.0,J4,0,0,1,J4_E5,0.118,NORMAL,KEEP_GREEN,minimum green not satisfied (8.0s < 10.0s)
181.0,J1,0,4,0,J1_J2,0.194,NORMAL,KEEP_GREEN,minimum green not satisfied (0.0s < 10.0s)
181.0,J2,4,10,0,J2_J3,0.078,NORMAL,HOLD,clearance phase active
181.0,J3,0,0,0,J3_J4,0.096,NORMAL,KEEP_GREEN,minimum green not satisfied (5.0s < 10.0s)
181.0,J4,0,0,1,J4_E5,0.118,NORMAL,KEEP_GREEN,minimum green not satisfied (9.0s < 10.0s)
182.0,J1,0,1,0,J1_J2,0.194,NORMAL,KEEP_GREEN,minimum green not satisfied (1.0s < 10.0s)
182.0,J2,4,10,0,J2_J3,0.058,NORMAL,HOLD,clearance phase active
182.0,J3,0,0,0,J3_J4,0.096,NORMAL,KEEP_GREEN,minimum green not satisfied (6.0s < 10.0s)
182.0,J4,0,0,1,J4_E5,0.118,NORMAL,START_TRANSITION,main queue empty and cross queue waiting (1)
183.0,J1,0,0,0,J1_J2,0.194,NORMAL,KEEP_GREEN,minimum green not satisfied (2.0s < 10.0s)
183.0,J2,4,10,0,J2_J3,0.058,NORMAL,HOLD,clearance phase active
183.0,J3,0,0,0,J3_J4,0.115,NORMAL,KEEP_GREEN,minimum green not satisfied (7.0s < 10.0s)
183.0,J4,1,0,2,J4_E5,0.118,NORMAL,HOLD,clearance phase active
184.0,J1,0,0,0,J1_J2,0.194,NORMAL,KEEP_GREEN,minimum green not satisfied (3.0s < 10.0s)
184.0,J2,5,10,0,J2_J3,0.024,NORMAL,HOLD,clearance phase active
184.0,J3,0,0,0,J3_J4,0.135,NORMAL,KEEP_GREEN,minimum green not satisfied (8.0s < 10.0s)
184.0,J4,1,0,2,J4_E5,0.118,NORMAL,HOLD,clearance phase active
185.0,J1,0,0,0,J1_J2,0.194,NORMAL,KEEP_GREEN,minimum green not satisfied (4.0s < 10.0s)
185.0,J2,5,10,0,J2_J3,0.0,NORMAL,HOLD,clearance phase active
185.0,J3,0,0,0,J3_J4,0.174,NORMAL,KEEP_GREEN,minimum green not satisfied (9.0s < 10.0s)
185.0,J4,1,0,2,J4_E5,0.118,NORMAL,HOLD,clearance phase active
186.0,J1,0,0,0,J1_J2,0.234,NORMAL,KEEP_GREEN,minimum green not satisfied (5.0s < 10.0s)
186.0,J2,0,6,0,J2_J3,0.0,NORMAL,KEEP_GREEN,minimum green not satisfied (0.0s < 10.0s)
186.0,J3,0,0,0,J3_J4,0.193,NORMAL,KEEP_GREEN,main demand below threshold
186.0,J4,2,0,2,J4_E5,0.118,NORMAL,HOLD,clearance phase active
187.0,J1,0,0,0,J1_J2,0.234,NORMAL,KEEP_GREEN,minimum green not satisfied (6.0s < 10.0s)
187.0,J2,0,4,0,J2_J3,0.0,NORMAL,KEEP_GREEN,minimum green not satisfied (1.0s < 10.0s)
187.0,J3,0,0,0,J3_J4,0.193,NORMAL,KEEP_GREEN,main demand below threshold
187.0,J4,2,0,2,J4_E5,0.118,NORMAL,HOLD,clearance phase active
188.0,J1,0,0,0,J1_J2,0.234,NORMAL,KEEP_GREEN,minimum green not satisfied (7.0s < 10.0s)
188.0,J2,0,2,0,J2_J3,0.0,NORMAL,KEEP_GREEN,minimum green not satisfied (2.0s < 10.0s)
188.0,J3,0,0,1,J3_J4,0.193,NORMAL,START_TRANSITION,main queue empty and cross queue waiting (1)
188.0,J4,3,0,1,J4_E5,0.118,NORMAL,KEEP_GREEN,minimum green not satisfied (0.0s < 10.0s)
189.0,J1,0,0,0,J1_J2,0.234,NORMAL,KEEP_GREEN,minimum green not satisfied (8.0s < 10.0s)
189.0,J2,0,1,0,J2_J3,0.041,NORMAL,KEEP_GREEN,minimum green not satisfied (3.0s < 10.0s)
189.0,J3,1,0,1,J3_J4,0.193,NORMAL,HOLD,clearance phase active
189.0,J4,3,0,0,J4_E5,0.118,NORMAL,KEEP_GREEN,minimum green not satisfied (1.0s < 10.0s)
190.0,J1,0,0,0,J1_J2,0.214,NORMAL,KEEP_GREEN,minimum green not satisfied (9.0s < 10.0s)
190.0,J2,0,0,0,J2_J3,0.041,NORMAL,KEEP_GREEN,minimum green not satisfied (4.0s < 10.0s)
190.0,J3,1,0,1,J3_J4,0.193,NORMAL,HOLD,clearance phase active
190.0,J4,3,0,0,J4_E5,0.078,NORMAL,KEEP_GREEN,minimum green not satisfied (2.0s < 10.0s)
191.0,J1,0,0,0,J1_J2,0.213,NORMAL,KEEP_GREEN,main demand below threshold
191.0,J2,0,0,0,J2_J3,0.061,NORMAL,KEEP_GREEN,minimum green not satisfied (5.0s < 10.0s)
191.0,J3,1,0,1,J3_J4,0.193,NORMAL,HOLD,clearance phase active
191.0,J4,3,0,0,J4_E5,0.078,NORMAL,KEEP_GREEN,minimum green not satisfied (3.0s < 10.0s)
192.0,J1,0,0,0,J1_J2,0.213,NORMAL,KEEP_GREEN,main demand below threshold
192.0,J2,0,0,0,J2_J3,0.061,NORMAL,KEEP_GREEN,minimum green not satisfied (6.0s < 10.0s)
192.0,J3,2,0,1,J3_J4,0.193,NORMAL,HOLD,clearance phase active
192.0,J4,3,0,0,J4_E5,0.078,NORMAL,KEEP_GREEN,minimum green not satisfied (4.0s < 10.0s)
193.0,J1,0,0,0,J1_J2,0.193,NORMAL,KEEP_GREEN,main demand below threshold
193.0,J2,0,0,0,J2_J3,0.115,NORMAL,KEEP_GREEN,minimum green not satisfied (7.0s < 10.0s)
193.0,J3,2,1,1,J3_J4,0.193,NORMAL,HOLD,clearance phase active
193.0,J4,3,1,0,J4_E5,0.039,NORMAL,KEEP_GREEN,minimum green not satisfied (5.0s < 10.0s)
194.0,J1,0,0,1,J1_J2,0.154,NORMAL,START_TRANSITION,main queue empty and cross queue waiting (1)
194.0,J2,0,0,0,J2_J3,0.115,NORMAL,KEEP_GREEN,minimum green not satisfied (8.0s < 10.0s)
194.0,J3,3,2,0,J3_J4,0.193,NORMAL,KEEP_GREEN,minimum green not satisfied (0.0s < 10.0s)
194.0,J4,3,1,0,J4_E5,0.039,NORMAL,KEEP_GREEN,minimum green not satisfied (6.0s < 10.0s)
195.0,J1,1,0,1,J1_J2,0.154,NORMAL,HOLD,clearance phase active
195.0,J2,0,0,0,J2_J3,0.135,NORMAL,KEEP_GREEN,minimum green not satisfied (9.0s < 10.0s)
195.0,J3,3,2,0,J3_J4,0.193,NORMAL,KEEP_GREEN,minimum green not satisfied (1.0s < 10.0s)
195.0,J4,3,1,0,J4_E5,0.0,NORMAL,KEEP_GREEN,minimum green not satisfied (7.0s < 10.0s)
196.0,J1,1,0,2,J1_J2,0.154,NORMAL,HOLD,clearance phase active
196.0,J2,0,0,0,J2_J3,0.174,NORMAL,KEEP_GREEN,main demand below threshold
196.0,J3,3,3,0,J3_J4,0.193,NORMAL,KEEP_GREEN,minimum green not satisfied (2.0s < 10.0s)
196.0,J4,3,1,0,J4_E5,0.0,NORMAL,KEEP_GREEN,minimum green not satisfied (8.0s < 10.0s)
197.0,J1,1,0,2,J1_J2,0.154,NORMAL,HOLD,clearance phase active
197.0,J2,0,0,0,J2_J3,0.194,NORMAL,KEEP_GREEN,main demand below threshold
197.0,J3,3,3,0,J3_J4,0.193,NORMAL,KEEP_GREEN,minimum green not satisfied (3.0s < 10.0s)
197.0,J4,3,2,0,J4_E5,0.0,NORMAL,KEEP_GREEN,minimum green not satisfied (9.0s < 10.0s)
198.0,J1,2,0,2,J1_J2,0.154,NORMAL,HOLD,clearance phase active
198.0,J2,0,0,0,J2_J3,0.194,NORMAL,KEEP_GREEN,main demand below threshold
198.0,J3,3,4,0,J3_J4,0.193,NORMAL,KEEP_GREEN,minimum green not satisfied (4.0s < 10.0s)
198.0,J4,3,4,0,J4_E5,0.0,NORMAL,START_TRANSITION,main queue (4) exceeds cross queue (0)
199.0,J1,2,0,2,J1_J2,0.154,NORMAL,HOLD,clearance phase active
199.0,J2,0,0,0,J2_J3,0.194,NORMAL,KEEP_GREEN,main demand below threshold
199.0,J3,3,4,0,J3_J4,0.193,NORMAL,KEEP_GREEN,minimum green not satisfied (5.0s < 10.0s)
199.0,J4,4,5,0,J4_E5,0.0,NORMAL,HOLD,clearance phase active
200.0,J1,3,0,1,J1_J2,0.154,NORMAL,KEEP_GREEN,minimum green not satisfied (0.0s < 10.0s)
200.0,J2,0,0,0,J2_J3,0.194,NORMAL,KEEP_GREEN,main demand below threshold
200.0,J3,3,4,0,J3_J4,0.193,NORMAL,KEEP_GREEN,minimum green not satisfied (6.0s < 10.0s)
200.0,J4,4,5,0,J4_E5,0.0,NORMAL,HOLD,clearance phase active
201.0,J1,3,0,0,J1_J2,0.154,NORMAL,KEEP_GREEN,minimum green not satisfied (1.0s < 10.0s)
201.0,J2,0,0,0,J2_J3,0.194,NORMAL,KEEP_GREEN,main demand below threshold
201.0,J3,3,4,0,J3_J4,0.193,NORMAL,KEEP_GREEN,minimum green not satisfied (7.0s < 10.0s)
201.0,J4,4,7,0,J4_E5,0.0,NORMAL,HOLD,clearance phase active
202.0,J1,3,0,0,J1_J2,0.154,NORMAL,KEEP_GREEN,minimum green not satisfied (2.0s < 10.0s)
202.0,J2,0,0,0,J2_J3,0.194,NORMAL,KEEP_GREEN,main demand below threshold
202.0,J3,3,4,0,J3_J4,0.193,NORMAL,KEEP_GREEN,minimum green not satisfied (8.0s < 10.0s)
202.0,J4,5,8,1,J4_E5,0.0,NORMAL,HOLD,clearance phase active
203.0,J1,3,0,0,J1_J2,0.154,NORMAL,KEEP_GREEN,minimum green not satisfied (3.0s < 10.0s)
203.0,J2,0,0,0,J2_J3,0.194,NORMAL,KEEP_GREEN,main demand below threshold
203.0,J3,3,4,0,J3_J4,0.193,NORMAL,KEEP_GREEN,minimum green not satisfied (9.0s < 10.0s)
203.0,J4,5,9,1,J4_E5,0.0,NORMAL,HOLD,clearance phase active
204.0,J1,3,0,0,J1_J2,0.114,NORMAL,KEEP_GREEN,minimum green not satisfied (4.0s < 10.0s)
204.0,J2,0,0,0,J2_J3,0.194,NORMAL,KEEP_GREEN,main demand below threshold
204.0,J3,3,4,0,J3_J4,0.154,NORMAL,START_TRANSITION,main queue (4) exceeds cross queue (0)
204.0,J4,0,6,1,J4_E5,0.0,NORMAL,KEEP_GREEN,minimum green not satisfied (0.0s < 10.0s)
205.0,J1,3,0,0,J1_J2,0.082,NORMAL,KEEP_GREEN,minimum green not satisfied (5.0s < 10.0s)
205.0,J2,0,0,0,J2_J3,0.194,NORMAL,KEEP_GREEN,main demand below threshold
205.0,J3,4,4,0,J3_J4,0.154,NORMAL,HOLD,clearance phase active
205.0,J4,0,4,1,J4_E5,0.0,NORMAL,KEEP_GREEN,minimum green not satisfied (1.0s < 10.0s)
206.0,J1,3,3,0,J1_J2,0.082,NORMAL,KEEP_GREEN,minimum green not satisfied (6.0s < 10.0s)
206.0,J2,0,0,0,J2_J3,0.272,NORMAL,KEEP_GREEN,main demand below threshold
206.0,J3,4,5,0,J3_J4,0.154,NORMAL,HOLD,clearance phase active
206.0,J4,0,2,1,J4_E5,0.0,NORMAL,KEEP_GREEN,minimum green not satisfied (2.0s < 10.0s)
207.0,J1,3,3,0,J1_J2,0.041,NORMAL,KEEP_GREEN,minimum green not satisfied (7.0s < 10.0s)
207.0,J2,0,0,0,J2_J3,0.272,NORMAL,KEEP_GREEN,main demand below threshold
207.0,J3,4,6,0,J3_J4,0.136,NORMAL,HOLD,clearance phase active
207.0,J4,0,0,1,J4_E5,0.039,NORMAL,KEEP_GREEN,minimum green not satisfied (3.0s < 10.0s)
208.0,J1,3,3,0,J1_J2,0.041,NORMAL,KEEP_GREEN,minimum green not satisfied (8.0s < 10.0s)
208.0,J2,0,0,0,J2_J3,0.291,NORMAL,KEEP_GREEN,main demand below threshold
208.0,J3,5,7,0,J3_J4,0.097,NORMAL,HOLD,clearance phase active
208.0,J4,0,0,1,J4_E5,0.039,NORMAL,KEEP_GREEN,minimum green not satisfied (4.0s < 10.0s)
209.0,J1,3,3,0,J1_J2,0.02,NORMAL,KEEP_GREEN,minimum green not satisfied (9.0s < 10.0s)
209.0,J2,0,0,0,J2_J3,0.31,NORMAL,KEEP_GREEN,main demand below threshold
209.0,J3,5,7,0,J3_J4,0.078,NORMAL,HOLD,clearance phase active
209.0,J4,0,0,1,J4_E5,0.059,NORMAL,KEEP_GREEN,minimum green not satisfied (5.0s < 10.0s)
210.0,J1,3,4,0,J1_J2,0.011,NORMAL,START_TRANSITION,main queue (4) exceeds cross queue (0)
210.0,J2,0,0,0,J2_J3,0.291,NORMAL,KEEP_GREEN,main demand below threshold
210.0,J3,0,4,0,J3_J4,0.078,NORMAL,KEEP_GREEN,minimum green not satisfied (0.0s < 10.0s)
210.0,J4,0,0,1,J4_E5,0.059,NORMAL,KEEP_GREEN,minimum green not satisfied (6.0s < 10.0s)
211.0,J1,4,5,0,J1_J2,0.0,NORMAL,HOLD,clearance phase active
211.0,J2,0,0,0,J2_J3,0.291,NORMAL,KEEP_GREEN,main demand below threshold
211.0,J3,0,1,1,J3_J4,0.078,NORMAL,KEEP_GREEN,minimum green not satisfied (1.0s < 10.0s)
211.0,J4,0,0,1,J4_E5,0.111,NORMAL,KEEP_GREEN,minimum green not satisfied (7.0s < 10.0s)
212.0,J1,4,5,0,J1_J2,0.0,NORMAL,HOLD,clearance phase active
212.0,J2,0,0,0,J2_J3,0.31,NORMAL,KEEP_GREEN,main demand below threshold
212.0,J3,0,1,1,J3_J4,0.058,NORMAL,KEEP_GREEN,minimum green not satisfied (2.0s < 10.0s)
212.0,J4,0,0,1,J4_E5,0.111,NORMAL,KEEP_GREEN,minimum green not satisfied (8.0s < 10.0s)
213.0,J1,4,6,0,J1_J2,0.0,NORMAL,HOLD,clearance phase active
213.0,J2,0,0,0,J2_J3,0.271,NORMAL,KEEP_GREEN,main demand below threshold
213.0,J3,0,0,1,J3_J4,0.063,NORMAL,KEEP_GREEN,minimum green not satisfied (3.0s < 10.0s)
213.0,J4,0,0,2,J4_E5,0.111,NORMAL,KEEP_GREEN,minimum green not satisfied (9.0s < 10.0s)
214.0,J1,5,7,0,J1_J2,0.0,NORMAL,HOLD,clearance phase active
214.0,J2,0,0,0,J2_J3,0.271,NORMAL,KEEP_GREEN,main demand below threshold
214.0,J3,0,0,1,J3_J4,0.041,NORMAL,KEEP_GREEN,minimum green not satisfied (4.0s < 10.0s)
214.0,J4,0,0,2,J4_E5,0.13,NORMAL,START_TRANSITION,main queue empty and cross queue waiting (2)
215.0,J1,5,7,1,J1_J2,0.0,NORMAL,HOLD,clearance phase active
215.0,J2,0,0,0,J2_J3,0.271,NORMAL,KEEP_GREEN,main demand below threshold
215.0,J3,0,0,2,J3_J4,0.082,NORMAL,KEEP_GREEN,minimum green not satisfied (5.0s < 10.0s)
215.0,J4,1,0,2,J4_E5,0.168,NORMAL,HOLD,clearance phase active
216.0,J1,0,4,1,J1_J2,0.0,NORMAL,KEEP_GREEN,minimum green not satisfied (0.0s < 10.0s)
216.0,J2,0,0,1,J2_J3,0.212,NORMAL,START_TRANSITION,main queue empty and cross queue waiting (1)
216.0,J3,0,0,2,J3_J4,0.082,NORMAL,KEEP_GREEN,minimum green not satisfied (6.0s < 10.0s)
216.0,J4,1,0,2,J4_E5,0.186,NORMAL,HOLD,clearance phase active
217.0,J1,0,1,1,J1_J2,0.0,NORMAL,KEEP_GREEN,minimum green not satisfied (1.0s < 10.0s)
217.0,J2,1,0,1,J2_J3,0.212,NORMAL,HOLD,clearance phase active
217.0,J3,0,0,2,J3_J4,0.102,NORMAL,KEEP_GREEN,minimum green not satisfied (7.0s < 10.0s)
217.0,J4,1,0,2,J4_E5,0.186,NORMAL,HOLD,clearance phase active
218.0,J1,0,0,1,J1_J2,0.0,NORMAL,KEEP_GREEN,minimum green not satisfied (2.0s < 10.0s)
218.0,J2,1,0,2,J2_J3,0.193,NORMAL,HOLD,clearance phase active
218.0,J3,0,0,2,J3_J4,0.102,NORMAL,KEEP_GREEN,minimum green not satisfied (8.0s < 10.0s)
218.0,J4,2,0,3,J4_E5,0.186,NORMAL,HOLD,clearance phase active
219.0,J1,0,0,1,J1_J2,0.041,NORMAL,KEEP_GREEN,minimum green not satisfied (3.0s < 10.0s)
219.0,J2,1,0,2,J2_J3,0.193,NORMAL,HOLD,clearance phase active
219.0,J3,0,0,2,J3_J4,0.155,NORMAL,KEEP_GREEN,minimum green not satisfied (9.0s < 10.0s)
219.0,J4,2,1,3,J4_E5,0.186,NORMAL,HOLD,clearance phase active
220.0,J1,0,0,1,J1_J2,0.041,NORMAL,KEEP_GREEN,minimum green not satisfied (4.0s < 10.0s)
220.0,J2,2,0,2,J2_J3,0.193,NORMAL,HOLD,clearance phase active
220.0,J3,0,0,2,J3_J4,0.155,NORMAL,START_TRANSITION,main queue empty and cross queue waiting (2)
220.0,J4,3,1,1,J4_E5,0.186,NORMAL,KEEP_GREEN,minimum green not satisfied (0.0s < 10.0s)
221.0,J1,0,0,1,J1_J2,0.082,NORMAL,KEEP_GREEN,minimum green not satisfied (5.0s < 10.0s)
221.0,J2,2,0,2,J2_J3,0.154,NORMAL,HOLD,clearance phase active
221.0,J3,1,0,2,J3_J4,0.155,NORMAL,HOLD,clearance phase active
221.0,J4,3,2,0,J4_E5,0.186,NORMAL,KEEP_GREEN,minimum green not satisfied (1.0s < 10.0s)
222.0,J1,0,0,1,J1_J2,0.082,NORMAL,KEEP_GREEN,minimum green not satisfied (6.0s < 10.0s)
222.0,J2,3,0,1,J2_J3,0.154,NORMAL,KEEP_GREEN,minimum green not satisfied (0.0s < 10.0s)
222.0,J3,1,0,3,J3_J4,0.194,NORMAL,HOLD,clearance phase active
222.0,J4,3,2,0,J4_E5,0.149,NORMAL,KEEP_GREEN,minimum green not satisfied (2.0s < 10.0s)
223.0,J1,0,0,1,J1_J2,0.082,NORMAL,KEEP_GREEN,minimum green not satisfied (7.0s < 10.0s)
223.0,J2,3,0,0,J2_J3,0.154,NORMAL,KEEP_GREEN,minimum green not satisfied (1.0s < 10.0s)
223.0,J3,1,0,3,J3_J4,0.194,NORMAL,HOLD,clearance phase active
223.0,J4,3,2,0,J4_E5,0.149,NORMAL,KEEP_GREEN,minimum green not satisfied (3.0s < 10.0s)
224.0,J1,0,0,1,J1_J2,0.082,NORMAL,KEEP_GREEN,minimum green not satisfied (8.0s < 10.0s)
224.0,J2,3,0,0,J2_J3,0.154,NORMAL,KEEP_GREEN,minimum green not satisfied (2.0s < 10.0s)
224.0,J3,2,0,3,J3_J4,0.194,NORMAL,HOLD,clearance phase active
224.0,J4,3,2,0,J4_E5,0.149,NORMAL,KEEP_GREEN,minimum green not satisfied (4.0s < 10.0s)
225.0,J1,0,0,2,J1_J2,0.082,NORMAL,KEEP_GREEN,minimum green not satisfied (9.0s < 10.0s)
225.0,J2,3,0,0,J2_J3,0.154,NORMAL,KEEP_GREEN,minimum green not satisfied (3.0s < 10.0s)
225.0,J3,2,2,3,J3_J4,0.194,NORMAL,HOLD,clearance phase active
225.0,J4,3,2,0,J4_E5,0.13,NORMAL,KEEP_GREEN,minimum green not satisfied (5.0s < 10.0s)
226.0,J1,0,0,2,J1_J2,0.082,NORMAL,START_TRANSITION,main queue empty and cross queue waiting (2)
226.0,J2,3,0,0,J2_J3,0.154,NORMAL,KEEP_GREEN,minimum green not satisfied (4.0s < 10.0s)
226.0,J3,3,3,1,J3_J4,0.194,NORMAL,KEEP_GREEN,minimum green not satisfied (0.0s < 10.0s)
226.0,J4,3,2,0,J4_E5,0.13,NORMAL,KEEP_GREEN,minimum green not satisfied (6.0s < 10.0s)
227.0,J1,1,0,2,J1_J2,0.082,NORMAL,HOLD,clearance phase active
227.0,J2,3,0,0,J2_J3,0.154,NORMAL,KEEP_GREEN,minimum green not satisfied (5.0s < 10.0s)
227.0,J3,3,4,0,J3_J4,0.194,NORMAL,KEEP_GREEN,minimum green not satisfied (1.0s < 10.0s)
227.0,J4,3,2,0,J4_E5,0.112,NORMAL,KEEP_GREEN,minimum green not satisfied (7.0s < 10.0s)
228.0,J1,1,0,2,J1_J2,0.082,NORMAL,HOLD,clearance phase active
228.0,J2,3,0,0,J2_J3,0.154,NORMAL,KEEP_GREEN,minimum green not satisfied (6.0s < 10.0s)
228.0,J3,3,5,0,J3_J4,0.194,NORMAL,KEEP_GREEN,minimum green not satisfied (2.0s < 10.0s)
228.0,J4,3,2,0,J4_E5,0.112,NORMAL,KEEP_GREEN,minimum green not satisfied (8.0s < 10.0s)
229.0,J1,1,0,2,J1_J2,0.116,NORMAL,HOLD,clearance phase active
229.0,J2,3,0,0,J2_J3,0.154,NORMAL,KEEP_GREEN,minimum green not satisfied (7.0s < 10.0s)
229.0,J3,3,6,0,J3_J4,0.194,NORMAL,KEEP_GREEN,minimum green not satisfied (3.0s < 10.0s)
229.0,J4,3,2,0,J4_E5,0.112,NORMAL,KEEP_GREEN,minimum green not satisfied (9.0s < 10.0s)
230.0,J1,2,0,2,J1_J2,0.116,NORMAL,HOLD,clearance phase active
230.0,J2,3,1,0,J2_J3,0.154,NORMAL,KEEP_GREEN,minimum green not satisfied (8.0s < 10.0s)
230.0,J3,3,6,0,J3_J4,0.194,NORMAL,KEEP_GREEN,minimum green not satisfied (4.0s < 10.0s)
230.0,J4,3,4,0,J4_E5,0.056,NORMAL,START_TRANSITION,main queue (4) exceeds cross queue (0)
231.0,J1,2,0,2,J1_J2,0.116,NORMAL,HOLD,clearance phase active
231.0,J2,3,2,0,J2_J3,0.154,NORMAL,KEEP_GREEN,minimum green not satisfied (9.0s < 10.0s)
231.0,J3,3,7,0,J3_J4,0.194,NORMAL,KEEP_GREEN,minimum green not satisfied (5.0s < 10.0s)
231.0,J4,4,5,0,J4_E5,0.038,NORMAL,HOLD,clearance phase active
232.0,J1,3,0,1,J1_J2,0.116,NORMAL,KEEP_GREEN,minimum green not satisfied (0.0s < 10.0s)
232.0,J2,3,2,0,J2_J3,0.154,NORMAL,START_TRANSITION,cross queue empty and main queue waiting (2)
232.0,J3,3,8,0,J3_J4,0.194,NORMAL,KEEP_GREEN,minimum green not satisfied (6.0s < 10.0s)
232.0,J4,4,5,0,J4_E5,0.038,NORMAL,HOLD,clearance phase active
233.0,J1,3,0,1,J1_J2,0.116,NORMAL,KEEP_GREEN,minimum green not satisfied (1.0s < 10.0s)
233.0,J2,4,2,0,J2_J3,0.154,NORMAL,HOLD,clearance phase active
233.0,J3,3,8,0,J3_J4,0.194,NORMAL,KEEP_GREEN,minimum green not satisfied (7.0s < 10.0s)
233.0,J4,4,6,0,J4_E5,0.0,NORMAL,HOLD,clearance phase active
234.0,J1,3,1,0,J1_J2,0.116,NORMAL,KEEP_GREEN,minimum green not satisfied (2.0s < 10.0s)
234.0,J2,4,3,0,J2_J3,0.154,NORMAL,HOLD,clearance phase active
234.0,J3,3,8,0,J3_J4,0.194,NORMAL,KEEP_GREEN,minimum green not satisfied (8.0s < 10.0s)
234.0,J4,5,6,0,J4_E5,0.0,NORMAL,HOLD,clearance phase active
235.0,J1,3,1,0,J1_J2,0.116,NORMAL,KEEP_GREEN,minimum green not satisfied (3.0s < 10.0s)
235.0,J2,4,3,0,J2_J3,0.154,NORMAL,HOLD,clearance phase active
235.0,J3,3,8,0,J3_J4,0.194,NORMAL,KEEP_GREEN,minimum green not satisfied (9.0s < 10.0s)
235.0,J4,5,8,0,J4_E5,0.0,NORMAL,HOLD,clearance phase active
236.0,J1,3,1,0,J1_J2,0.116,NORMAL,KEEP_GREEN,minimum green not satisfied (4.0s < 10.0s)
236.0,J2,5,3,0,J2_J3,0.154,NORMAL,HOLD,clearance phase active
236.0,J3,3,8,0,J3_J4,0.156,NORMAL,START_TRANSITION,main queue (8) exceeds cross queue (0)
236.0,J4,0,4,0,J4_E5,0.0,NORMAL,KEEP_GREEN,minimum green not satisfied (0.0s < 10.0s)
237.0,J1,3,1,0,J1_J2,0.116,NORMAL,KEEP_GREEN,minimum green not satisfied (5.0s < 10.0s)
237.0,J2,5,6,0,J2_J3,0.154,NORMAL,HOLD,clearance phase active
237.0,J3,4,8,0,J3_J4,0.156,NORMAL,HOLD,clearance phase active
237.0,J4,0,3,0,J4_E5,0.0,NORMAL,KEEP_GREEN,minimum green not satisfied (1.0s < 10.0s)
238.0,J1,3,1,0,J1_J2,0.078,NORMAL,KEEP_GREEN,minimum green not satisfied (6.0s < 10.0s)
238.0,J2,0,3,0,J2_J3,0.154,NORMAL,KEEP_GREEN,minimum green not satisfied (0.0s < 10.0s)
238.0,J3,4,8,0,J3_J4,0.156,NORMAL,HOLD,clearance phase active
238.0,J4,0,1,0,J4_E5,0.0,NORMAL,KEEP_GREEN,minimum green not satisfied (2.0s < 10.0s)
239.0,J1,3,2,0,J1_J2,0.078,NORMAL,KEEP_GREEN,minimum green not satisfied (7.0s < 10.0s)
239.0,J2,0,1,0,J2_J3,0.154,NORMAL,KEEP_GREEN,minimum green not satisfied (1.0s < 10.0s)
239.0,J3,4,8,0,J3_J4,0.117,NORMAL,HOLD,clearance phase active
239.0,J4,0,0,0,J4_E5,0.039,NORMAL,KEEP_GREEN,minimum green not satisfied (3.0s < 10.0s)
240.0,J1,3,2,0,J1_J2,0.078,NORMAL,KEEP_GREEN,minimum green not satisfied (8.0s < 10.0s)
240.0,J2,0,0,0,J2_J3,0.154,NORMAL,KEEP_GREEN,minimum green not satisfied (2.0s < 10.0s)
240.0,J3,5,8,0,J3_J4,0.117,NORMAL,HOLD,clearance phase active
240.0,J4,0,0,0,J4_E5,0.039,NORMAL,KEEP_GREEN,minimum green not satisfied (4.0s < 10.0s)
241.0,J1,3,2,0,J1_J2,0.059,NORMAL,KEEP_GREEN,minimum green not satisfied (9.0s < 10.0s)
241.0,J2,0,0,0,J2_J3,0.173,NORMAL,KEEP_GREEN,minimum green not satisfied (3.0s < 10.0s)
241.0,J3,5,8,0,J3_J4,0.117,NORMAL,HOLD,clearance phase active
241.0,J4,0,0,0,J4_E5,0.078,NORMAL,KEEP_GREEN,minimum green not satisfied (5.0s < 10.0s)
242.0,J1,3,3,0,J1_J2,0.039,NORMAL,START_TRANSITION,main queue (3) exceeds cross queue (0)
242.0,J2,0,0,0,J2_J3,0.153,NORMAL,KEEP_GREEN,minimum green not satisfied (4.0s < 10.0s)
242.0,J3,0,4,0,J3_J4,0.078,NORMAL,KEEP_GREEN,minimum green not satisfied (0.0s < 10.0s)
242.0,J4,0,0,0,J4_E5,0.078,NORMAL,KEEP_GREEN,minimum green not satisfied (6.0s < 10.0s)
243.0,J1,4,4,0,J1_J2,0.039,NORMAL,HOLD,clearance phase active
243.0,J2,0,0,0,J2_J3,0.143,NORMAL,KEEP_GREEN,minimum green not satisfied (5.0s < 10.0s)
243.0,J3,0,2,0,J3_J4,0.078,NORMAL,KEEP_GREEN,minimum green not satisfied (1.0s < 10.0s)
243.0,J4,0,0,1,J4_E5,0.118,NORMAL,KEEP_GREEN,minimum green not satisfied (7.0s < 10.0s)
244.0,J1,4,5,0,J1_J2,0.039,NORMAL,HOLD,clearance phase active
244.0,J2,0,0,0,J2_J3,0.163,NORMAL,KEEP_GREEN,minimum green not satisfied (6.0s < 10.0s)
244.0,J3,0,0,0,J3_J4,0.062,NORMAL,KEEP_GREEN,minimum green not satisfied (2.0s < 10.0s)
244.0,J4,0,0,1,J4_E5,0.118,NORMAL,KEEP_GREEN,minimum green not satisfied (8.0s < 10.0s)
245.0,J1,4,5,0,J1_J2,0.039,NORMAL,HOLD,clearance phase active
245.0,J2,0,0,1,J2_J3,0.163,NORMAL,KEEP_GREEN,minimum green not satisfied (7.0s < 10.0s)
245.0,J3,0,0,0,J3_J4,0.042,NORMAL,KEEP_GREEN,minimum green not satisfied (3.0s < 10.0s)
245.0,J4,0,0,2,J4_E5,0.118,NORMAL,KEEP_GREEN,minimum green not satisfied (9.0s < 10.0s)
246.0,J1,5,5,0,J1_J2,0.009,NORMAL,HOLD,clearance phase active
246.0,J2,0,0,1,J2_J3,0.163,NORMAL,KEEP_GREEN,minimum green not satisfied (8.0s < 10.0s)
246.0,J3,0,0,0,J3_J4,0.016,NORMAL,KEEP_GREEN,minimum green not satisfied (4.0s < 10.0s)
246.0,J4,0,0,2,J4_E5,0.149,NORMAL,START_TRANSITION,main queue empty and cross queue waiting (2)
247.0,J1,5,5,0,J1_J2,0.0,NORMAL,HOLD,clearance phase active
247.0,J2,0,0,1,J2_J3,0.192,NORMAL,KEEP_GREEN,minimum green not satisfied (9.0s < 10.0s)
247.0,J3,0,0,0,J3_J4,0.078,NORMAL,KEEP_GREEN,minimum green not satisfied (5.0s < 10.0s)
247.0,J4,1,0,2,J4_E5,0.149,NORMAL,HOLD,clearance phase active
248.0,J1,0,3,0,J1_J2,0.0,NORMAL,KEEP_GREEN,minimum green not satisfied (0.0s < 10.0s)
248.0,J2,0,0,1,J2_J3,0.154,NORMAL,START_TRANSITION,main queue empty and cross queue waiting (1)
248.0,J3,0,0,0,J3_J4,0.078,NORMAL,KEEP_GREEN,minimum green not satisfied (6.0s < 10.0s)
248.0,J4,1,0,2,J4_E5,0.186,NORMAL,HOLD,clearance phase active
249.0,J1,0,1,0,J1_J2,0.0,NORMAL,KEEP_GREEN,minimum green not satisfied (1.0s < 10.0s)
249.0,J2,1,0,1,J2_J3,0.154,NORMAL,HOLD,clearance phase active
249.0,J3,0,0,0,J3_J4,0.078,NORMAL,KEEP_GREEN,minimum green not satisfied (7.0s < 10.0s)
249.0,J4,1,0,2,J4_E5,0.186,NORMAL,HOLD,clearance phase active
250.0,J1,0,0,0,J1_J2,0.0,NORMAL,KEEP_GREEN,minimum green not satisfied (2.0s < 10.0s)
250.0,J2,1,0,1,J2_J3,0.116,NORMAL,HOLD,clearance phase active
250.0,J3,0,0,0,J3_J4,0.116,NORMAL,KEEP_GREEN,minimum green not satisfied (8.0s < 10.0s)
250.0,J4,2,0,2,J4_E5,0.186,NORMAL,HOLD,clearance phase active
251.0,J1,0,0,0,J1_J2,0.041,NORMAL,KEEP_GREEN,minimum green not satisfied (3.0s < 10.0s)
251.0,J2,1,0,1,J2_J3,0.116,NORMAL,HOLD,clearance phase active
251.0,J3,0,0,0,J3_J4,0.116,NORMAL,KEEP_GREEN,minimum green not satisfied (9.0s < 10.0s)
251.0,J4,2,0,2,J4_E5,0.186,NORMAL,HOLD,clearance phase active
252.0,J1,0,0,0,J1_J2,0.041,NORMAL,KEEP_GREEN,minimum green not satisfied (4.0s < 10.0s)
252.0,J2,2,0,1,J2_J3,0.116,NORMAL,HOLD,clearance phase active
252.0,J3,0,0,1,J3_J4,0.135,NORMAL,START_TRANSITION,main queue empty and cross queue waiting (1)
252.0,J4,3,0,1,J4_E5,0.186,NORMAL,KEEP_GREEN,minimum green not satisfied (0.0s < 10.0s)
253.0,J1,0,0,0,J1_J2,0.041,NORMAL,KEEP_GREEN,minimum green not satisfied (5.0s < 10.0s)
253.0,J2,2,0,2,J2_J3,0.116,NORMAL,HOLD,clearance phase active
253.0,J3,1,0,1,J3_J4,0.154,NORMAL,HOLD,clearance phase active
253.0,J4,3,0,0,J4_E5,0.186,NORMAL,KEEP_GREEN,minimum green not satisfied (1.0s < 10.0s)
254.0,J1,0,0,0,J1_J2,0.041,NORMAL,KEEP_GREEN,minimum green not satisfied (6.0s < 10.0s)
254.0,J2,3,0,0,J2_J3,0.116,NORMAL,KEEP_GREEN,minimum green not satisfied (0.0s < 10.0s)
254.0,J3,1,0,1,J3_J4,0.154,NORMAL,HOLD,clearance phase active
254.0,J4,3,0,0,J4_E5,0.15,NORMAL,KEEP_GREEN,minimum green not satisfied (2.0s < 10.0s)
255.0,J1,0,0,0,J1_J2,0.116,NORMAL,KEEP_GREEN,minimum green not satisfied (7.0s < 10.0s)
255.0,J2,3,0,0,J2_J3,0.116,NORMAL,KEEP_GREEN,minimum green not satisfied (1.0s < 10.0s)
255.0,J3,1,0,1,J3_J4,0.154,NORMAL,HOLD,clearance phase active
255.0,J4,3,0,0,J4_E5,0.15,NORMAL,KEEP_GREEN,minimum green not satisfied (3.0s < 10.0s)
256.0,J1,0,0,0,J1_J2,0.116,NORMAL,KEEP_GREEN,minimum green not satisfied (8.0s < 10.0s)
256.0,J2,3,0,0,J2_J3,0.116,NORMAL,KEEP_GREEN,minimum green not satisfied (2.0s < 10.0s)
256.0,J3,2,0,1,J3_J4,0.154,NORMAL,HOLD,clearance phase active
256.0,J4,3,0,0,J4_E5,0.131,NORMAL,KEEP_GREEN,minimum green not satisfied (4.0s < 10.0s)
257.0,J1,0,0,1,J1_J2,0.116,NORMAL,KEEP_GREEN,minimum green not satisfied (9.0s < 10.0s)
257.0,J2,3,0,0,J2_J3,0.116,NORMAL,KEEP_GREEN,minimum green not satisfied (3.0s < 10.0s)
257.0,J3,2,2,1,J3_J4,0.154,NORMAL,HOLD,clearance phase active
257.0,J4,3,0,0,J4_E5,0.113,NORMAL,KEEP_GREEN,minimum green not satisfied (5.0s < 10.0s)
258.0,J1,0,0,1,J1_J2,0.154,NORMAL,START_TRANSITION,main queue empty and cross queue waiting (1)
258.0,J2,3,0,0,J2_J3,0.116,NORMAL,KEEP_GREEN,minimum green not satisfied (4.0s < 10.0s)
258.0,J3,3,4,0,J3_J4,0.154,NORMAL,KEEP_GREEN,minimum green not satisfied (0.0s < 10.0s)
258.0,J4,3,1,0,J4_E5,0.075,NORMAL,KEEP_GREEN,minimum green not satisfied (6.0s < 10.0s)
259.0,J1,1,0,1,J1_J2,0.154,NORMAL,HOLD,clearance phase active
259.0,J2,3,0,0,J2_J3,0.116,NORMAL,KEEP_GREEN,minimum green not satisfied (5.0s < 10.0s)
259.0,J3,3,4,0,J3_J4,0.154,NORMAL,KEEP_GREEN,minimum green not satisfied (1.0s < 10.0s)
259.0,J4,3,1,0,J4_E5,0.075,NORMAL,KEEP_GREEN,minimum green not satisfied (7.0s < 10.0s)
260.0,J1,1,0,1,J1_J2,0.154,NORMAL,HOLD,clearance phase active
260.0,J2,3,0,0,J2_J3,0.116,NORMAL,KEEP_GREEN,minimum green not satisfied (6.0s < 10.0s)
260.0,J3,3,6,0,J3_J4,0.154,NORMAL,KEEP_GREEN,minimum green not satisfied (2.0s < 10.0s)
260.0,J4,3,2,0,J4_E5,0.075,NORMAL,KEEP_GREEN,minimum green not satisfied (8.0s < 10.0s)
261.0,J1,1,0,1,J1_J2,0.172,NORMAL,HOLD,clearance phase active
261.0,J2,3,0,0,J2_J3,0.116,NORMAL,KEEP_GREEN,minimum green not satisfied (7.0s < 10.0s)
261.0,J3,3,6,0,J3_J4,0.154,NORMAL,KEEP_GREEN,minimum green not satisfied (3.0s < 10.0s)
261.0,J4,3,3,0,J4_E5,0.075,NORMAL,KEEP_GREEN,minimum green not satisfied (9.0s < 10.0s)
262.0,J1,2,0,1,J1_J2,0.172,NORMAL,HOLD,clearance phase active
262.0,J2,3,1,0,J2_J3,0.116,NORMAL,KEEP_GREEN,minimum green not satisfied (8.0s < 10.0s)
262.0,J3,3,6,0,J3_J4,0.154,NORMAL,KEEP_GREEN,minimum green not satisfied (4.0s < 10.0s)
262.0,J4,3,3,0,J4_E5,0.075,NORMAL,START_TRANSITION,main queue (3) exceeds cross queue (0)
263.0,J1,2,0,1,J1_J2,0.172,NORMAL,HOLD,clearance phase active
263.0,J2,3,1,0,J2_J3,0.116,NORMAL,KEEP_GREEN,minimum green not satisfied (9.0s < 10.0s)
263.0,J3,3,7,0,J3_J4,0.154,NORMAL,KEEP_GREEN,minimum green not satisfied (5.0s < 10.0s)
263.0,J4,4,3,0,J4_E5,0.075,NORMAL,HOLD,clearance phase active
264.0,J1,3,0,0,J1_J2,0.172,NORMAL,KEEP_GREEN,minimum green not satisfied (0.0s < 10.0s)
264.0,J2,3,1,0,J2_J3,0.116,NORMAL,START_TRANSITION,cross queue empty and main queue waiting (1)
264.0,J3,3,7,0,J3_J4,0.154,NORMAL,KEEP_GREEN,minimum green not satisfied (6.0s < 10.0s)
264.0,J4,4,3,0,J4_E5,0.038,NORMAL,HOLD,clearance phase active
265.0,J1,3,1,0,J1_J2,0.172,NORMAL,KEEP_GREEN,minimum green not satisfied (1.0s < 10.0s)
265.0,J2,4,1,0,J2_J3,0.116,NORMAL,HOLD,clearance phase active
265.0,J3,3,7,0,J3_J4,0.154,NORMAL,KEEP_GREEN,minimum green not satisfied (7.0s < 10.0s)
265.0,J4,4,3,0,J4_E5,0.038,NORMAL,HOLD,clearance phase active
266.0,J1,3,2,0,J1_J2,0.172,NORMAL,KEEP_GREEN,minimum green not satisfied (2.0s < 10.0s)
266.0,J2,4,1,0,J2_J3,0.116,NORMAL,HOLD,clearance phase active
266.0,J3,3,8,0,J3_J4,0.154,NORMAL,KEEP_GREEN,minimum green not satisfied (8.0s < 10.0s)
266.0,J4,5,3,0,J4_E5,0.0,NORMAL,HOLD,clearance phase active
267.0,J1,3,2,0,J1_J2,0.172,NORMAL,KEEP_GREEN,minimum green not satisfied (3.0s < 10.0s)
267.0,J2,4,1,0,J2_J3,0.116,NORMAL,HOLD,clearance phase active
267.0,J3,3,8,0,J3_J4,0.154,NORMAL,KEEP_GREEN,minimum green not satisfied (9.0s < 10.0s)
267.0,J4,5,3,0,J4_E5,0.0,NORMAL,HOLD,clearance phase active
268.0,J1,3,3,0,J1_J2,0.172,NORMAL,KEEP_GREEN,minimum green not satisfied (4.0s < 10.0s)
268.0,J2,5,2,0,J2_J3,0.116,NORMAL,HOLD,clearance phase active
268.0,J3,3,8,0,J3_J4,0.114,NORMAL,START_TRANSITION,main queue (8) exceeds cross queue (0)
268.0,J4,0,1,0,J4_E5,0.0,NORMAL,KEEP_GREEN,minimum green not satisfied (0.0s < 10.0s)
269.0,J1,3,3,0,J1_J2,0.172,NORMAL,KEEP_GREEN,minimum green not satisfied (5.0s < 10.0s)
269.0,J2,5,2,0,J2_J3,0.116,NORMAL,HOLD,clearance phase active
269.0,J3,4,8,0,J3_J4,0.101,NORMAL,HOLD,clearance phase active
269.0,J4,0,0,0,J4_E5,0.0,NORMAL,KEEP_GREEN,minimum green not satisfied (1.0s < 10.0s)
270.0,J1,3,3,0,J1_J2,0.135,NORMAL,KEEP_GREEN,minimum green not satisfied (6.0s < 10.0s)
270.0,J2,0,0,0,J2_J3,0.116,NORMAL,KEEP_GREEN,minimum green not satisfied (0.0s < 10.0s)
270.0,J3,4,8,0,J3_J4,0.084,NORMAL,HOLD,clearance phase active
270.0,J4,0,0,0,J4_E5,0.0,NORMAL,KEEP_GREEN,minimum green not satisfied (2.0s < 10.0s)
271.0,J1,3,3,0,J1_J2,0.135,NORMAL,KEEP_GREEN,minimum green not satisfied (7.0s < 10.0s)
271.0,J2,0,0,0,J2_J3,0.116,NORMAL,KEEP_GREEN,minimum green not satisfied (1.0s < 10.0s)
271.0,J3,4,8,0,J3_J4,0.082,NORMAL,HOLD,clearance phase active
271.0,J4,0,0,0,J4_E5,0.0,NORMAL,KEEP_GREEN,minimum green not satisfied (3.0s < 10.0s)
272.0,J1,3,3,0,J1_J2,0.135,NORMAL,KEEP_GREEN,minimum green not satisfied (8.0s < 10.0s)
272.0,J2,0,0,0,J2_J3,0.135,NORMAL,KEEP_GREEN,minimum green not satisfied (2.0s < 10.0s)
272.0,J3,5,8,0,J3_J4,0.082,NORMAL,HOLD,clearance phase active
272.0,J4,0,0,0,J4_E5,0.038,NORMAL,KEEP_GREEN,minimum green not satisfied (4.0s < 10.0s)
273.0,J1,3,3,0,J1_J2,0.135,NORMAL,KEEP_GREEN,minimum green not satisfied (9.0s < 10.0s)
273.0,J2,0,0,0,J2_J3,0.154,NORMAL,KEEP_GREEN,minimum green not satisfied (3.0s < 10.0s)
273.0,J3,5,8,0,J3_J4,0.082,NORMAL,HOLD,clearance phase active
273.0,J4,0,0,1,J4_E5,0.075,NORMAL,KEEP_GREEN,minimum green not satisfied (5.0s < 10.0s)
274.0,J1,3,4,0,J1_J2,0.061,NORMAL,START_TRANSITION,main queue (4) exceeds cross queue (0)
274.0,J2,0,0,0,J2_J3,0.115,NORMAL,KEEP_GREEN,minimum green not satisfied (4.0s < 10.0s)
274.0,J3,0,4,1,J3_J4,0.041,NORMAL,KEEP_GREEN,minimum green not satisfied (0.0s < 10.0s)
274.0,J4,0,0,1,J4_E5,0.075,NORMAL,KEEP_GREEN,minimum green not satisfied (6.0s < 10.0s)
275.0,J1,4,5,0,J1_J2,0.061,NORMAL,HOLD,clearance phase active
275.0,J2,0,0,0,J2_J3,0.193,NORMAL,KEEP_GREEN,minimum green not satisfied (5.0s < 10.0s)
275.0,J3,0,1,1,J3_J4,0.041,NORMAL,KEEP_GREEN,minimum green not satisfied (1.0s < 10.0s)
275.0,J4,0,0,1,J4_E5,0.075,NORMAL,KEEP_GREEN,minimum green not satisfied (7.0s < 10.0s)
276.0,J1,4,5,0,J1_J2,0.028,NORMAL,HOLD,clearance phase active
276.0,J2,0,0,0,J2_J3,0.193,NORMAL,KEEP_GREEN,minimum green not satisfied (6.0s < 10.0s)
276.0,J3,0,0,1,J3_J4,0.009,NORMAL,KEEP_GREEN,minimum green not satisfied (2.0s < 10.0s)
276.0,J4,0,0,1,J4_E5,0.112,NORMAL,KEEP_GREEN,minimum green not satisfied (8.0s < 10.0s)
277.0,J1,4,5,0,J1_J2,0.02,NORMAL,HOLD,clearance phase active
277.0,J2,0,0,0,J2_J3,0.155,NORMAL,KEEP_GREEN,minimum green not satisfied (7.0s < 10.0s)
277.0,J3,0,0,1,J3_J4,0.041,NORMAL,KEEP_GREEN,minimum green not satisfied (3.0s < 10.0s)
277.0,J4,0,0,1,J4_E5,0.112,NORMAL,KEEP_GREEN,minimum green not satisfied (9.0s < 10.0s)
278.0,J1,5,5,0,J1_J2,0.002,NORMAL,HOLD,clearance phase active
278.0,J2,0,0,0,J2_J3,0.193,NORMAL,KEEP_GREEN,minimum green not satisfied (8.0s < 10.0s)
278.0,J3,0,0,2,J3_J4,0.041,NORMAL,KEEP_GREEN,minimum green not satisfied (4.0s < 10.0s)
278.0,J4,0,0,1,J4_E5,0.148,NORMAL,START_TRANSITION,main queue empty and cross queue waiting (1)
279.0,J1,5,5,0,J1_J2,0.0,NORMAL,HOLD,clearance phase active
279.0,J2,0,0,0,J2_J3,0.211,NORMAL,KEEP_GREEN,minimum green not satisfied (9.0s < 10.0s)
279.0,J3,0,0,3,J3_J4,0.082,NORMAL,KEEP_GREEN,minimum green not satisfied (5.0s < 10.0s)
279.0,J4,1,0,1,J4_E5,0.148,NORMAL,HOLD,clearance phase active
280.0,J1,0,2,0,J1_J2,0.0,NORMAL,KEEP_GREEN,minimum green not satisfied (0.0s < 10.0s)
280.0,J2,0,0,0,J2_J3,0.211,NORMAL,KEEP_GREEN,main demand below threshold
280.0,J3,0,0,3,J3_J4,0.082,NORMAL,KEEP_GREEN,minimum green not satisfied (6.0s < 10.0s)
280.0,J4,1,0,1,J4_E5,0.148,NORMAL,HOLD,clearance phase active
281.0,J1,0,0,1,J1_J2,0.0,NORMAL,KEEP_GREEN,minimum green not satisfied (1.0s < 10.0s)
281.0,J2,0,0,1,J2_J3,0.172,NORMAL,START_TRANSITION,main queue empty and cross queue waiting (1)
281.0,J3,0,0,3,J3_J4,0.082,NORMAL,KEEP_GREEN,minimum green not satisfied (7.0s < 10.0s)
281.0,J4,1,0,1,J4_E5,0.148,NORMAL,HOLD,clearance phase active
282.0,J1,0,0,1,J1_J2,0.0,NORMAL,KEEP_GREEN,minimum green not satisfied (2.0s < 10.0s)
282.0,J2,1,0,1,J2_J3,0.172,NORMAL,HOLD,clearance phase active
282.0,J3,0,0,3,J3_J4,0.082,NORMAL,KEEP_GREEN,minimum green not satisfied (8.0s < 10.0s)
282.0,J4,2,0,1,J4_E5,0.148,NORMAL,HOLD,clearance phase active
283.0,J1,0,0,1,J1_J2,0.0,NORMAL,KEEP_GREEN,minimum green not satisfied (3.0s < 10.0s)
283.0,J2,1,0,1,J2_J3,0.172,NORMAL,HOLD,clearance phase active
283.0,J3,0,0,3,J3_J4,0.116,NORMAL,KEEP_GREEN,minimum green not satisfied (9.0s < 10.0s)
283.0,J4,2,0,1,J4_E5,0.148,NORMAL,HOLD,clearance phase active
284.0,J1,0,0,2,J1_J2,0.0,NORMAL,KEEP_GREEN,minimum green not satisfied (4.0s < 10.0s)
284.0,J2,1,0,1,J2_J3,0.172,NORMAL,HOLD,clearance phase active
284.0,J3,0,0,3,J3_J4,0.116,NORMAL,START_TRANSITION,cross queue (3) exceeds main queue (0)
284.0,J4,3,0,0,J4_E5,0.148,NORMAL,KEEP_GREEN,minimum green not satisfied (0.0s < 10.0s)
285.0,J1,0,0,2,J1_J2,0.078,NORMAL,KEEP_GREEN,minimum green not satisfied (5.0s < 10.0s)
285.0,J2,2,0,1,J2_J3,0.172,NORMAL,HOLD,clearance phase active
285.0,J3,1,0,3,J3_J4,0.116,NORMAL,HOLD,clearance phase active
285.0,J4,3,1,0,J4_E5,0.148,NORMAL,KEEP_GREEN,minimum green not satisfied (1.0s < 10.0s)
286.0,J1,0,0,2,J1_J2,0.078,NORMAL,KEEP_GREEN,minimum green not satisfied (6.0s < 10.0s)
286.0,J2,2,0,1,J2_J3,0.172,NORMAL,HOLD,clearance phase active
286.0,J3,1,0,3,J3_J4,0.116,NORMAL,HOLD,clearance phase active
286.0,J4,3,1,0,J4_E5,0.148,NORMAL,KEEP_GREEN,minimum green not satisfied (2.0s < 10.0s)
287.0,J1,0,0,2,J1_J2,0.078,NORMAL,KEEP_GREEN,minimum green not satisfied (7.0s < 10.0s)
287.0,J2,3,0,0,J2_J3,0.172,NORMAL,KEEP_GREEN,minimum green not satisfied (0.0s < 10.0s)
287.0,J3,1,0,3,J3_J4,0.116,NORMAL,HOLD,clearance phase active
287.0,J4,3,1,0,J4_E5,0.148,NORMAL,KEEP_GREEN,minimum green not satisfied (3.0s < 10.0s)
288.0,J1,0,0,3,J1_J2,0.098,NORMAL,KEEP_GREEN,minimum green not satisfied (8.0s < 10.0s)
288.0,J2,3,0,0,J2_J3,0.172,NORMAL,KEEP_GREEN,minimum green not satisfied (1.0s < 10.0s)
288.0,J3,2,0,4,J3_J4,0.116,NORMAL,HOLD,clearance phase active
288.0,J4,3,1,0,J4_E5,0.148,NORMAL,KEEP_GREEN,minimum green not satisfied (4.0s < 10.0s)
289.0,J1,0,0,4,J1_J2,0.117,NORMAL,KEEP_GREEN,minimum green not satisfied (9.0s < 10.0s)
289.0,J2,3,0,0,J2_J3,0.172,NORMAL,KEEP_GREEN,minimum green not satisfied (2.0s < 10.0s)
289.0,J3,2,0,4,J3_J4,0.116,NORMAL,HOLD,clearance phase active
289.0,J4,3,1,0,J4_E5,0.148,NORMAL,KEEP_GREEN,minimum green not satisfied (5.0s < 10.0s)
290.0,J1,0,0,4,J1_J2,0.117,NORMAL,START_TRANSITION,cross queue (4) exceeds main queue (0)
290.0,J2,3,0,0,J2_J3,0.172,NORMAL,KEEP_GREEN,minimum green not satisfied (3.0s < 10.0s)
290.0,J3,3,2,2,J3_J4,0.116,NORMAL,KEEP_GREEN,minimum green not satisfied (0.0s < 10.0s)
290.0,J4,3,1,0,J4_E5,0.148,NORMAL,KEEP_GREEN,minimum green not satisfied (6.0s < 10.0s)
291.0,J1,1,0,4,J1_J2,0.136,NORMAL,HOLD,clearance phase active
291.0,J2,3,0,0,J2_J3,0.172,NORMAL,KEEP_GREEN,minimum green not satisfied (4.0s < 10.0s)
291.0,J3,3,2,0,J3_J4,0.116,NORMAL,KEEP_GREEN,minimum green not satisfied (1.0s < 10.0s)
291.0,J4,3,1,0,J4_E5,0.11,NORMAL,KEEP_GREEN,minimum green not satisfied (7.0s < 10.0s)
292.0,J1,1,0,4,J1_J2,0.136,NORMAL,HOLD,clearance phase active
292.0,J2,3,0,0,J2_J3,0.172,NORMAL,KEEP_GREEN,minimum green not satisfied (5.0s < 10.0s)
292.0,J3,3,3,0,J3_J4,0.116,NORMAL,KEEP_GREEN,minimum green not satisfied (2.0s < 10.0s)
292.0,J4,3,1,0,J4_E5,0.078,NORMAL,KEEP_GREEN,minimum green not satisfied (8.0s < 10.0s)
293.0,J1,1,0,4,J1_J2,0.136,NORMAL,HOLD,clearance phase active
293.0,J2,3,0,0,J2_J3,0.172,NORMAL,KEEP_GREEN,minimum green not satisfied (6.0s < 10.0s)
293.0,J3,3,4,0,J3_J4,0.116,NORMAL,KEEP_GREEN,minimum green not satisfied (3.0s < 10.0s)
293.0,J4,3,1,0,J4_E5,0.078,NORMAL,KEEP_GREEN,minimum green not satisfied (9.0s < 10.0s)
294.0,J1,2,0,4,J1_J2,0.136,NORMAL,HOLD,clearance phase active
294.0,J2,3,1,0,J2_J3,0.172,NORMAL,KEEP_GREEN,minimum green not satisfied (7.0s < 10.0s)
294.0,J3,3,5,0,J3_J4,0.116,NORMAL,KEEP_GREEN,minimum green not satisfied (4.0s < 10.0s)
294.0,J4,3,1,0,J4_E5,0.039,NORMAL,START_TRANSITION,cross queue empty and main queue waiting (1)
295.0,J1,2,0,4,J1_J2,0.136,NORMAL,HOLD,clearance phase active
295.0,J2,3,1,0,J2_J3,0.172,NORMAL,KEEP_GREEN,minimum green not satisfied (8.0s < 10.0s)
295.0,J3,3,6,0,J3_J4,0.116,NORMAL,KEEP_GREEN,minimum green not satisfied (5.0s < 10.0s)
295.0,J4,4,3,0,J4_E5,0.02,NORMAL,HOLD,clearance phase active
296.0,J1,3,1,2,J1_J2,0.136,NORMAL,KEEP_GREEN,minimum green not satisfied (0.0s < 10.0s)
296.0,J2,3,3,0,J2_J3,0.172,NORMAL,KEEP_GREEN,minimum green not satisfied (9.0s < 10.0s)
296.0,J3,3,9,0,J3_J4,0.116,NORMAL,KEEP_GREEN,minimum green not satisfied (6.0s < 10.0s)
296.0,J4,4,4,0,J4_E5,0.0,NORMAL,HOLD,clearance phase active
297.0,J1,3,1,1,J1_J2,0.136,NORMAL,KEEP_GREEN,minimum green not satisfied (1.0s < 10.0s)
297.0,J2,3,3,0,J2_J3,0.172,NORMAL,START_TRANSITION,main queue (3) exceeds cross queue (0)
297.0,J3,3,12,0,J3_J4,0.116,NORMAL,KEEP_GREEN,minimum green not satisfied (7.0s < 10.0s)
297.0,J4,4,4,0,J4_E5,0.0,NORMAL,HOLD,clearance phase active
298.0,J1,3,2,0,J1_J2,0.136,NORMAL,KEEP_GREEN,minimum green not satisfied (2.0s < 10.0s)
298.0,J2,4,3,0,J2_J3,0.172,NORMAL,HOLD,clearance phase active
298.0,J3,3,12,0,J3_J4,0.116,NORMAL,KEEP_GREEN,minimum green not satisfied (8.0s < 10.0s)
298.0,J4,5,5,0,J4_E5,0.0,NORMAL,HOLD,clearance phase active
299.0,J1,3,2,0,J1_J2,0.136,NORMAL,KEEP_GREEN,minimum green not satisfied (3.0s < 10.0s)
299.0,J2,4,3,0,J2_J3,0.172,NORMAL,HOLD,clearance phase active
299.0,J3,3,12,0,J3_J4,0.116,NORMAL,KEEP_GREEN,minimum green not satisfied (9.0s < 10.0s)
299.0,J4,5,5,0,J4_E5,0.0,NORMAL,HOLD,clearance phase active
300.0,J1,3,3,0,J1_J2,0.136,NORMAL,KEEP_GREEN,minimum green not satisfied (4.0s < 10.0s)
300.0,J2,4,3,0,J2_J3,0.172,NORMAL,HOLD,clearance phase active
300.0,J3,3,12,0,J3_J4,0.078,NORMAL,START_TRANSITION,main queue (12) exceeds cross queue (0)
300.0,J4,0,2,0,J4_E5,0.0,NORMAL,KEEP_GREEN,minimum green not satisfied (0.0s < 10.0s)
301.0,J1,3,3,0,J1_J2,0.136,NORMAL,KEEP_GREEN,minimum green not satisfied (5.0s < 10.0s)
301.0,J2,5,3,1,J2_J3,0.172,NORMAL,HOLD,clearance phase active
301.0,J3,4,12,0,J3_J4,0.078,NORMAL,HOLD,clearance phase active
301.0,J4,0,0,0,J4_E5,0.0,NORMAL,KEEP_GREEN,minimum green not satisfied (1.0s < 10.0s)
302.0,J1,3,4,0,J1_J2,0.136,NORMAL,KEEP_GREEN,minimum green not satisfied (6.0s < 10.0s)
302.0,J2,5,3,1,J2_J3,0.172,NORMAL,HOLD,clearance phase active
302.0,J3,4,12,0,J3_J4,0.078,NORMAL,HOLD,clearance phase active
302.0,J4,0,0,0,J4_E5,0.0,NORMAL,KEEP_GREEN,minimum green not satisfied (2.0s < 10.0s)
303.0,J1,3,4,0,J1_J2,0.136,NORMAL,KEEP_GREEN,minimum green not satisfied (7.0s < 10.0s)
303.0,J2,0,2,1,J2_J3,0.172,NORMAL,KEEP_GREEN,minimum green not satisfied (0.0s < 10.0s)
303.0,J3,4,12,0,J3_J4,0.044,NORMAL,HOLD,clearance phase active
303.0,J4,0,0,0,J4_E5,0.039,NORMAL,KEEP_GREEN,minimum green not satisfied (3.0s < 10.0s)
304.0,J1,3,4,0,J1_J2,0.061,NORMAL,KEEP_GREEN,minimum green not satisfied (8.0s < 10.0s)
304.0,J2,0,0,1,J2_J3,0.172,NORMAL,KEEP_GREEN,minimum green not satisfied (1.0s < 10.0s)
304.0,J3,5,12,0,J3_J4,0.039,NORMAL,HOLD,clearance phase active
304.0,J4,0,0,0,J4_E5,0.039,NORMAL,KEEP_GREEN,minimum green not satisfied (4.0s < 10.0s)
305.0,J1,3,4,0,J1_J2,0.061,NORMAL,KEEP_GREEN,minimum green not satisfied (9.0s < 10.0s)
305.0,J2,0,0,1,J2_J3,0.251,NORMAL,KEEP_GREEN,minimum green not satisfied (2.0s < 10.0s)
305.0,J3,5,12,0,J3_J4,0.039,NORMAL,HOLD,clearance phase active
305.0,J4,0,0,0,J4_E5,0.078,NORMAL,KEEP_GREEN,minimum green not satisfied (5.0s < 10.0s)
306.0,J1,3,4,0,J1_J2,0.022,NORMAL,START_TRANSITION,main queue (4) exceeds cross queue (0)
306.0,J2,0,0,1,J2_J3,0.213,NORMAL,KEEP_GREEN,minimum green not satisfied (3.0s < 10.0s)
306.0,J3,0,8,0,J3_J4,0.031,NORMAL,KEEP_GREEN,minimum green not satisfied (0.0s < 10.0s)
306.0,J4,0,0,0,J4_E5,0.078,NORMAL,KEEP_GREEN,minimum green not satisfied (6.0s < 10.0s)
307.0,J1,4,4,0,J1_J2,0.02,NORMAL,HOLD,clearance phase active
307.0,J2,0,0,1,J2_J3,0.232,NORMAL,KEEP_GREEN,minimum green not satisfied (4.0s < 10.0s)
307.0,J3,0,4,0,J3_J4,0.016,NORMAL,KEEP_GREEN,minimum green not satisfied (1.0s < 10.0s)
307.0,J4,0,0,0,J4_E5,0.078,NORMAL,KEEP_GREEN,minimum green not satisfied (7.0s < 10.0s)
308.0,J1,4,5,0,J1_J2,0.0,NORMAL,HOLD,clearance phase active
308.0,J2,0,0,1,J2_J3,0.251,NORMAL,KEEP_GREEN,minimum green not satisfied (5.0s < 10.0s)
308.0,J3,0,1,0,J3_J4,0.0,NORMAL,KEEP_GREEN,minimum green not satisfied (2.0s < 10.0s)
308.0,J4,0,0,1,J4_E5,0.078,NORMAL,KEEP_GREEN,minimum green not satisfied (8.0s < 10.0s)
309.0,J1,4,5,0,J1_J2,0.0,NORMAL,HOLD,clearance phase active
309.0,J2,0,0,1,J2_J3,0.27,NORMAL,KEEP_GREEN,minimum green not satisfied (6.0s < 10.0s)
309.0,J3,0,0,0,J3_J4,0.041,NORMAL,KEEP_GREEN,minimum green not satisfied (3.0s < 10.0s)
309.0,J4,0,0,1,J4_E5,0.112,NORMAL,KEEP_GREEN,minimum green not satisfied (9.0s < 10.0s)
310.0,J1,5,5,0,J1_J2,0.0,NORMAL,HOLD,clearance phase active
310.0,J2,0,0,1,J2_J3,0.195,NORMAL,KEEP_GREEN,minimum green not satisfied (7.0s < 10.0s)
310.0,J3,0,0,0,J3_J4,0.041,NORMAL,KEEP_GREEN,minimum green not satisfied (4.0s < 10.0s)
310.0,J4,0,0,1,J4_E5,0.112,NORMAL,START_TRANSITION,main queue empty and cross queue waiting (1)
311.0,J1,5,5,0,J1_J2,0.0,NORMAL,HOLD,clearance phase active
311.0,J2,0,0,1,J2_J3,0.192,NORMAL,KEEP_GREEN,minimum green not satisfied (8.0s < 10.0s)
311.0,J3,0,0,0,J3_J4,0.041,NORMAL,KEEP_GREEN,minimum green not satisfied (5.0s < 10.0s)
311.0,J4,1,0,2,J4_E5,0.112,NORMAL,HOLD,clearance phase active
312.0,J1,0,2,0,J1_J2,0.0,NORMAL,KEEP_GREEN,minimum green not satisfied (0.0s < 10.0s)
312.0,J2,0,0,1,J2_J3,0.192,NORMAL,KEEP_GREEN,minimum green not satisfied (9.0s < 10.0s)
312.0,J3,0,0,0,J3_J4,0.041,NORMAL,KEEP_GREEN,minimum green not satisfied (6.0s < 10.0s)
312.0,J4,1,0,2,J4_E5,0.112,NORMAL,HOLD,clearance phase active
313.0,J1,0,1,0,J1_J2,0.0,NORMAL,KEEP_GREEN,minimum green not satisfied (1.0s < 10.0s)
313.0,J2,0,0,1,J2_J3,0.192,NORMAL,START_TRANSITION,main queue empty and cross queue waiting (1)
313.0,J3,0,0,0,J3_J4,0.116,NORMAL,KEEP_GREEN,minimum green not satisfied (7.0s < 10.0s)
313.0,J4,1,0,2,J4_E5,0.112,NORMAL,HOLD,clearance phase active
314.0,J1,0,0,0,J1_J2,0.0,NORMAL,KEEP_GREEN,minimum green not satisfied (2.0s < 10.0s)
314.0,J2,1,0,2,J2_J3,0.154,NORMAL,HOLD,clearance phase active
314.0,J3,0,0,0,J3_J4,0.116,NORMAL,KEEP_GREEN,minimum green not satisfied (8.0s < 10.0s)
314.0,J4,2,0,2,J4_E5,0.112,NORMAL,HOLD,clearance phase active
315.0,J1,0,0,0,J1_J2,0.02,NORMAL,KEEP_GREEN,minimum green not satisfied (3.0s < 10.0s)
315.0,J2,1,0,2,J2_J3,0.154,NORMAL,HOLD,clearance phase active
315.0,J3,0,0,1,J3_J4,0.116,NORMAL,KEEP_GREEN,minimum green not satisfied (9.0s < 10.0s)
315.0,J4,2,0,3,J4_E5,0.112,NORMAL,HOLD,clearance phase active
316.0,J1,0,0,0,J1_J2,0.02,NORMAL,KEEP_GREEN,minimum green not satisfied (4.0s < 10.0s)
316.0,J2,1,0,2,J2_J3,0.136,NORMAL,HOLD,clearance phase active
316.0,J3,0,0,1,J3_J4,0.154,NORMAL,START_TRANSITION,main queue empty and cross queue waiting (1)
316.0,J4,3,0,1,J4_E5,0.112,NORMAL,KEEP_GREEN,minimum green not satisfied (0.0s < 10.0s)
317.0,J1,0,0,0,J1_J2,0.077,NORMAL,KEEP_GREEN,minimum green not satisfied (5.0s < 10.0s)
317.0,J2,2,0,2,J2_J3,0.136,NORMAL,HOLD,clearance phase active
317.0,J3,1,0,1,J3_J4,0.154,NORMAL,HOLD,clearance phase active
317.0,J4,3,0,0,J4_E5,0.112,NORMAL,KEEP_GREEN,minimum green not satisfied (1.0s < 10.0s)
318.0,J1,0,0,0,J1_J2,0.077,NORMAL,KEEP_GREEN,minimum green not satisfied (6.0s < 10.0s)
318.0,J2,2,0,2,J2_J3,0.136,NORMAL,HOLD,clearance phase active
318.0,J3,1,0,2,J3_J4,0.172,NORMAL,HOLD,clearance phase active
318.0,J4,3,0,0,J4_E5,0.075,NORMAL,KEEP_GREEN,minimum green not satisfied (2.0s < 10.0s)
319.0,J1,0,0,1,J1_J2,0.096,NORMAL,KEEP_GREEN,minimum green not satisfied (7.0s < 10.0s)
319.0,J2,3,0,1,J2_J3,0.136,NORMAL,KEEP_GREEN,minimum green not satisfied (0.0s < 10.0s)
319.0,J3,1,0,2,J3_J4,0.172,NORMAL,HOLD,clearance phase active
319.0,J4,3,0,0,J4_E5,0.075,NORMAL,KEEP_GREEN,minimum green not satisfied (3.0s < 10.0s)
320.0,J1,0,0,1,J1_J2,0.096,NORMAL,KEEP_GREEN,minimum green not satisfied (8.0s < 10.0s)
320.0,J2,3,0,0,J2_J3,0.136,NORMAL,KEEP_GREEN,minimum green not satisfied (1.0s < 10.0s)
320.0,J3,2,0,2,J3_J4,0.172,NORMAL,HOLD,clearance phase active
320.0,J4,3,0,0,J4_E5,0.056,NORMAL,KEEP_GREEN,minimum green not satisfied (4.0s < 10.0s)
321.0,J1,0,0,1,J1_J2,0.135,NORMAL,KEEP_GREEN,minimum green not satisfied (9.0s < 10.0s)
321.0,J2,3,0,0,J2_J3,0.136,NORMAL,KEEP_GREEN,minimum green not satisfied (2.0s < 10.0s)
321.0,J3,2,1,2,J3_J4,0.172,NORMAL,HOLD,clearance phase active
321.0,J4,3,0,0,J4_E5,0.056,NORMAL,KEEP_GREEN,minimum green not satisfied (5.0s < 10.0s)
322.0,J1,0,0,1,J1_J2,0.135,NORMAL,START_TRANSITION,main queue empty and cross queue waiting (1)
322.0,J2,3,0,0,J2_J3,0.136,NORMAL,KEEP_GREEN,minimum green not satisfied (3.0s < 10.0s)
322.0,J3,3,1,1,J3_J4,0.172,NORMAL,KEEP_GREEN,minimum green not satisfied (0.0s < 10.0s)
322.0,J4,3,0,0,J4_E5,0.038,NORMAL,KEEP_GREEN,minimum green not satisfied (6.0s < 10.0s)
323.0,J1,1,0,1,J1_J2,0.154,NORMAL,HOLD,clearance phase active
323.0,J2,3,0,0,J2_J3,0.136,NORMAL,KEEP_GREEN,minimum green not satisfied (4.0s < 10.0s)
323.0,J3,3,1,0,J3_J4,0.172,NORMAL,KEEP_GREEN,minimum green not satisfied (1.0s < 10.0s)
323.0,J4,3,0,0,J4_E5,0.038,NORMAL,KEEP_GREEN,minimum green not satisfied (7.0s < 10.0s)
324.0,J1,1,0,1,J1_J2,0.154,NORMAL,HOLD,clearance phase active
324.0,J2,3,0,0,J2_J3,0.136,NORMAL,KEEP_GREEN,minimum green not satisfied (5.0s < 10.0s)
324.0,J3,3,1,0,J3_J4,0.172,NORMAL,KEEP_GREEN,minimum green not satisfied (2.0s < 10.0s)
324.0,J4,3,0,0,J4_E5,0.038,NORMAL,KEEP_GREEN,minimum green not satisfied (8.0s < 10.0s)
325.0,J1,1,0,1,J1_J2,0.154,NORMAL,HOLD,clearance phase active
325.0,J2,3,0,0,J2_J3,0.136,NORMAL,KEEP_GREEN,minimum green not satisfied (6.0s < 10.0s)
325.0,J3,3,2,0,J3_J4,0.172,NORMAL,KEEP_GREEN,minimum green not satisfied (3.0s < 10.0s)
325.0,J4,3,0,0,J4_E5,0.038,NORMAL,KEEP_GREEN,minimum green not satisfied (9.0s < 10.0s)
326.0,J1,2,0,1,J1_J2,0.154,NORMAL,HOLD,clearance phase active
326.0,J2,3,1,0,J2_J3,0.136,NORMAL,KEEP_GREEN,minimum green not satisfied (7.0s < 10.0s)
326.0,J3,3,3,0,J3_J4,0.172,NORMAL,KEEP_GREEN,minimum green not satisfied (4.0s < 10.0s)
326.0,J4,3,0,0,J4_E5,0.038,NORMAL,START_TRANSITION,"cross street empty, returning to main arterial"
327.0,J1,2,0,2,J1_J2,0.154,NORMAL,HOLD,clearance phase active
327.0,J2,3,1,0,J2_J3,0.136,NORMAL,KEEP_GREEN,minimum green not satisfied (8.0s < 10.0s)
327.0,J3,3,4,0,J3_J4,0.172,NORMAL,KEEP_GREEN,minimum green not satisfied (5.0s < 10.0s)
327.0,J4,4,0,0,J4_E5,0.038,NORMAL,HOLD,clearance phase active
328.0,J1,3,1,1,J1_J2,0.154,NORMAL,KEEP_GREEN,minimum green not satisfied (0.0s < 10.0s)
328.0,J2,3,1,0,J2_J3,0.136,NORMAL,KEEP_GREEN,minimum green not satisfied (9.0s < 10.0s)
328.0,J3,3,6,0,J3_J4,0.172,NORMAL,KEEP_GREEN,minimum green not satisfied (6.0s < 10.0s)
328.0,J4,4,1,0,J4_E5,0.0,NORMAL,HOLD,clearance phase active
329.0,J1,3,2,0,J1_J2,0.154,NORMAL,KEEP_GREEN,minimum green not satisfied (1.0s < 10.0s)
329.0,J2,3,1,0,J2_J3,0.136,NORMAL,START_TRANSITION,cross queue empty and main queue waiting (1)
329.0,J3,3,7,0,J3_J4,0.172,NORMAL,KEEP_GREEN,minimum green not satisfied (7.0s < 10.0s)
329.0,J4,4,2,0,J4_E5,0.0,NORMAL,HOLD,clearance phase active
330.0,J1,3,2,0,J1_J2,0.154,NORMAL,KEEP_GREEN,minimum green not satisfied (2.0s < 10.0s)
330.0,J2,4,1,0,J2_J3,0.136,NORMAL,HOLD,clearance phase active
330.0,J3,3,7,0,J3_J4,0.172,NORMAL,KEEP_GREEN,minimum green not satisfied (8.0s < 10.0s)
330.0,J4,5,2,0,J4_E5,0.0,NORMAL,HOLD,clearance phase active
331.0,J1,3,2,0,J1_J2,0.154,NORMAL,KEEP_GREEN,minimum green not satisfied (3.0s < 10.0s)
331.0,J2,4,1,0,J2_J3,0.136,NORMAL,HOLD,clearance phase active
331.0,J3,3,7,0,J3_J4,0.172,NORMAL,KEEP_GREEN,minimum green not satisfied (9.0s < 10.0s)
331.0,J4,5,2,0,J4_E5,0.0,NORMAL,HOLD,clearance phase active
332.0,J1,3,2,0,J1_J2,0.154,NORMAL,KEEP_GREEN,minimum green not satisfied (4.0s < 10.0s)
332.0,J2,4,3,0,J2_J3,0.136,NORMAL,HOLD,clearance phase active
332.0,J3,3,7,0,J3_J4,0.135,NORMAL,START_TRANSITION,main queue (7) exceeds cross queue (0)
332.0,J4,0,0,0,J4_E5,0.0,NORMAL,KEEP_GREEN,minimum green not satisfied (0.0s < 10.0s)
333.0,J1,3,2,0,J1_J2,0.154,NORMAL,KEEP_GREEN,minimum green not satisfied (5.0s < 10.0s)
333.0,J2,5,5,0,J2_J3,0.136,NORMAL,HOLD,clearance phase active
333.0,J3,4,7,0,J3_J4,0.135,NORMAL,HOLD,clearance phase active
333.0,J4,0,0,0,J4_E5,0.0,NORMAL,KEEP_GREEN,minimum green not satisfied (1.0s < 10.0s)
334.0,J1,3,2,0,J1_J2,0.154,NORMAL,KEEP_GREEN,minimum green not satisfied (6.0s < 10.0s)
334.0,J2,5,5,0,J2_J3,0.136,NORMAL,HOLD,clearance phase active
334.0,J3,4,7,0,J3_J4,0.135,NORMAL,HOLD,clearance phase active
334.0,J4,0,0,0,J4_E5,0.0,NORMAL,KEEP_GREEN,minimum green not satisfied (2.0s < 10.0s)
335.0,J1,3,3,0,J1_J2,0.116,NORMAL,KEEP_GREEN,minimum green not satisfied (7.0s < 10.0s)
335.0,J2,0,3,0,J2_J3,0.136,NORMAL,KEEP_GREEN,minimum green not satisfied (0.0s < 10.0s)
335.0,J3,4,7,0,J3_J4,0.135,NORMAL,HOLD,clearance phase active
335.0,J4,0,0,0,J4_E5,0.039,NORMAL,KEEP_GREEN,minimum green not satisfied (3.0s < 10.0s)
336.0,J1,3,4,0,J1_J2,0.116,NORMAL,KEEP_GREEN,minimum green not satisfied (8.0s < 10.0s)
336.0,J2,0,2,1,J2_J3,0.136,NORMAL,KEEP_GREEN,minimum green not satisfied (1.0s < 10.0s)
336.0,J3,5,7,0,J3_J4,0.093,NORMAL,HOLD,clearance phase active
336.0,J4,0,0,0,J4_E5,0.039,NORMAL,KEEP_GREEN,minimum green not satisfied (4.0s < 10.0s)
337.0,J1,3,4,0,J1_J2,0.116,NORMAL,KEEP_GREEN,minimum green not satisfied (9.0s < 10.0s)
337.0,J2,0,0,1,J2_J3,0.136,NORMAL,KEEP_GREEN,minimum green not satisfied (2.0s < 10.0s)
337.0,J3,5,7,0,J3_J4,0.068,NORMAL,HOLD,clearance phase active
337.0,J4,0,0,0,J4_E5,0.039,NORMAL,KEEP_GREEN,minimum green not satisfied (5.0s < 10.0s)
338.0,J1,3,4,0,J1_J2,0.079,NORMAL,START_TRANSITION,main queue (4) exceeds cross queue (0)
338.0,J2,0,0,1,J2_J3,0.173,NORMAL,KEEP_GREEN,minimum green not satisfied (3.0s < 10.0s)
338.0,J3,0,3,0,J3_J4,0.061,NORMAL,KEEP_GREEN,minimum green not satisfied (0.0s < 10.0s)
338.0,J4,0,0,0,J4_E5,0.039,NORMAL,KEEP_GREEN,minimum green not satisfied (6.0s < 10.0s)
339.0,J1,4,4,0,J1_J2,0.061,NORMAL,HOLD,clearance phase active
339.0,J2,0,0,1,J2_J3,0.118,NORMAL,KEEP_GREEN,minimum green not satisfied (4.0s < 10.0s)
339.0,J3,0,1,1,J3_J4,0.061,NORMAL,KEEP_GREEN,minimum green not satisfied (1.0s < 10.0s)
339.0,J4,0,0,0,J4_E5,0.112,NORMAL,KEEP_GREEN,minimum green not satisfied (7.0s < 10.0s)
340.0,J1,4,5,0,J1_J2,0.041,NORMAL,HOLD,clearance phase active
340.0,J2,0,0,1,J2_J3,0.122,NORMAL,KEEP_GREEN,minimum green not satisfied (5.0s < 10.0s)
340.0,J3,0,0,1,J3_J4,0.023,NORMAL,KEEP_GREEN,minimum green not satisfied (2.0s < 10.0s)
340.0,J4,0,0,0,J4_E5,0.112,NORMAL,KEEP_GREEN,minimum green not satisfied (8.0s < 10.0s)
341.0,J1,4,5,0,J1_J2,0.039,NORMAL,HOLD,clearance phase active
341.0,J2,0,0,1,J2_J3,0.153,NORMAL,KEEP_GREEN,minimum green not satisfied (6.0s < 10.0s)
341.0,J3,0,0,1,J3_J4,0.02,NORMAL,KEEP_GREEN,minimum green not satisfied (3.0s < 10.0s)
341.0,J4,0,0,0,J4_E5,0.112,NORMAL,KEEP_GREEN,minimum green not satisfied (9.0s < 10.0s)
342.0,J1,5,5,0,J1_J2,0.022,NORMAL,HOLD,clearance phase active
342.0,J2,0,0,1,J2_J3,0.172,NORMAL,KEEP_GREEN,minimum green not satisfied (7.0s < 10.0s)
342.0,J3,0,0,1,J3_J4,0.005,NORMAL,KEEP_GREEN,minimum green not satisfied (4.0s < 10.0s)
342.0,J4,0,0,0,J4_E5,0.148,NORMAL,KEEP_GREEN,main demand below threshold
343.0,J1,5,5,0,J1_J2,0.001,NORMAL,HOLD,clearance phase active
343.0,J2,0,0,1,J2_J3,0.172,NORMAL,KEEP_GREEN,minimum green not satisfied (8.0s < 10.0s)
343.0,J3,0,0,1,J3_J4,0.078,NORMAL,KEEP_GREEN,minimum green not satisfied (5.0s < 10.0s)
343.0,J4,0,0,0,J4_E5,0.148,NORMAL,KEEP_GREEN,main demand below threshold
344.0,J1,0,3,0,J1_J2,0.0,NORMAL,KEEP_GREEN,minimum green not satisfied (0.0s < 10.0s)
344.0,J2,0,0,1,J2_J3,0.172,NORMAL,KEEP_GREEN,minimum green not satisfied (9.0s < 10.0s)
344.0,J3,0,0,1,J3_J4,0.078,NORMAL,KEEP_GREEN,minimum green not satisfied (6.0s < 10.0s)
344.0,J4,0,0,0,J4_E5,0.166,NORMAL,KEEP_GREEN,main demand below threshold
345.0,J1,0,1,0,J1_J2,0.0,NORMAL,KEEP_GREEN,minimum green not satisfied (1.0s < 10.0s)
345.0,J2,0,0,1,J2_J3,0.172,NORMAL,START_TRANSITION,main queue empty and cross queue waiting (1)
345.0,J3,0,0,1,J3_J4,0.078,NORMAL,KEEP_GREEN,minimum green not satisfied (7.0s < 10.0s)
345.0,J4,0,0,1,J4_E5,0.166,NORMAL,START_TRANSITION,main queue empty and cross queue waiting (1)
346.0,J1,0,0,0,J1_J2,0.0,NORMAL,KEEP_GREEN,minimum green not satisfied (2.0s < 10.0s)
346.0,J2,1,0,1,J2_J3,0.172,NORMAL,HOLD,clearance phase active
346.0,J3,0,0,1,J3_J4,0.098,NORMAL,KEEP_GREEN,minimum green not satisfied (8.0s < 10.0s)
346.0,J4,1,0,1,J4_E5,0.166,NORMAL,HOLD,clearance phase active
347.0,J1,0,0,0,J1_J2,0.02,NORMAL,KEEP_GREEN,minimum green not satisfied (3.0s < 10.0s)
347.0,J2,1,0,1,J2_J3,0.154,NORMAL,HOLD,clearance phase active
347.0,J3,0,0,1,J3_J4,0.117,NORMAL,KEEP_GREEN,minimum green not satisfied (9.0s < 10.0s)
347.0,J4,1,0,1,J4_E5,0.166,NORMAL,HOLD,clearance phase active
348.0,J1,0,0,0,J1_J2,0.02,NORMAL,KEEP_GREEN,minimum green not satisfied (4.0s < 10.0s)
348.0,J2,1,0,1,J2_J3,0.154,NORMAL,HOLD,clearance phase active
348.0,J3,0,0,1,J3_J4,0.117,NORMAL,START_TRANSITION,main queue empty and cross queue waiting (1)
348.0,J4,1,0,2,J4_E5,0.166,NORMAL,HOLD,clearance phase active
349.0,J1,0,0,0,J1_J2,0.077,NORMAL,KEEP_GREEN,minimum green not satisfied (5.0s < 10.0s)
349.0,J2,2,0,2,J2_J3,0.154,NORMAL,HOLD,clearance phase active
349.0,J3,1,0,1,J3_J4,0.136,NORMAL,HOLD,clearance phase active
349.0,J4,2,0,2,J4_E5,0.166,NORMAL,HOLD,clearance phase active
350.0,J1,0,0,0,J1_J2,0.077,NORMAL,KEEP_GREEN,minimum green not satisfied (6.0s < 10.0s)
350.0,J2,2,0,2,J2_J3,0.154,NORMAL,HOLD,clearance phase active
350.0,J3,1,0,1,J3_J4,0.136,NORMAL,HOLD,clearance phase active
350.0,J4,2,0,2,J4_E5,0.148,NORMAL,HOLD,clearance phase active
351.0,J1,0,0,0,J1_J2,0.096,NORMAL,KEEP_GREEN,minimum green not satisfied (7.0s < 10.0s)
351.0,J2,3,0,0,J2_J3,0.154,NORMAL,KEEP_GREEN,minimum green not satisfied (0.0s < 10.0s)
351.0,J3,1,0,1,J3_J4,0.136,NORMAL,HOLD,clearance phase active
351.0,J4,3,0,1,J4_E5,0.148,NORMAL,KEEP_GREEN,minimum green not satisfied (0.0s < 10.0s)
352.0,J1,0,0,0,J1_J2,0.114,NORMAL,KEEP_GREEN,minimum green not satisfied (8.0s < 10.0s)
352.0,J2,3,0,0,J2_J3,0.154,NORMAL,KEEP_GREEN,minimum green not satisfied (1.0s < 10.0s)
352.0,J3,2,0,1,J3_J4,0.136,NORMAL,HOLD,clearance phase active
352.0,J4,3,0,0,J4_E5,0.148,NORMAL,KEEP_GREEN,minimum green not satisfied (1.0s < 10.0s)
353.0,J1,0,0,0,J1_J2,0.114,NORMAL,KEEP_GREEN,minimum green not satisfied (9.0s < 10.0s)
353.0,J2,3,0,0,J2_J3,0.154,NORMAL,KEEP_GREEN,minimum green not satisfied (2.0s < 10.0s)
353.0,J3,2,0,1,J3_J4,0.136,NORMAL,HOLD,clearance phase active
353.0,J4,3,0,0,J4_E5,0.148,NORMAL,KEEP_GREEN,minimum green not satisfied (2.0s < 10.0s)
354.0,J1,0,0,0,J1_J2,0.114,NORMAL,KEEP_GREEN,main demand below threshold
354.0,J2,3,0,0,J2_J3,0.154,NORMAL,KEEP_GREEN,minimum green not satisfied (3.0s < 10.0s)
354.0,J3,3,0,0,J3_J4,0.136,NORMAL,KEEP_GREEN,minimum green not satisfied (0.0s < 10.0s)
354.0,J4,3,0,0,J4_E5,0.13,NORMAL,KEEP_GREEN,minimum green not satisfied (3.0s < 10.0s)
355.0,J1,0,0,0,J1_J2,0.133,NORMAL,KEEP_GREEN,main demand below threshold
355.0,J2,3,0,0,J2_J3,0.154,NORMAL,KEEP_GREEN,minimum green not satisfied (4.0s < 10.0s)
355.0,J3,3,1,0,J3_J4,0.136,NORMAL,KEEP_GREEN,minimum green not satisfied (1.0s < 10.0s)
355.0,J4,3,0,0,J4_E5,0.13,NORMAL,KEEP_GREEN,minimum green not satisfied (4.0s < 10.0s)
356.0,J1,0,0,1,J1_J2,0.152,NORMAL,START_TRANSITION,main queue empty and cross queue waiting (1)
356.0,J2,3,0,0,J2_J3,0.154,NORMAL,KEEP_GREEN,minimum green not satisfied (5.0s < 10.0s)
356.0,J3,3,2,0,J3_J4,0.136,NORMAL,KEEP_GREEN,minimum green not satisfied (2.0s < 10.0s)
356.0,J4,3,0,0,J4_E5,0.13,NORMAL,KEEP_GREEN,minimum green not satisfied (5.0s < 10.0s)
357.0,J1,1,0,1,J1_J2,0.152,NORMAL,HOLD,clearance phase active
357.0,J2,3,0,0,J2_J3,0.154,NORMAL,KEEP_GREEN,minimum green not satisfied (6.0s < 10.0s)
357.0,J3,3,2,0,J3_J4,0.136,NORMAL,KEEP_GREEN,minimum green not satisfied (3.0s < 10.0s)
357.0,J4,3,0,0,J4_E5,0.13,NORMAL,KEEP_GREEN,minimum green not satisfied (6.0s < 10.0s)
358.0,J1,1,0,1,J1_J2,0.152,NORMAL,HOLD,clearance phase active
358.0,J2,3,0,0,J2_J3,0.154,NORMAL,KEEP_GREEN,minimum green not satisfied (7.0s < 10.0s)
358.0,J3,3,3,0,J3_J4,0.136,NORMAL,KEEP_GREEN,minimum green not satisfied (4.0s < 10.0s)
358.0,J4,3,1,0,J4_E5,0.059,NORMAL,KEEP_GREEN,minimum green not satisfied (7.0s < 10.0s)
359.0,J1,1,0,1,J1_J2,0.152,NORMAL,HOLD,clearance phase active
359.0,J2,3,2,0,J2_J3,0.154,NORMAL,KEEP_GREEN,minimum green not satisfied (8.0s < 10.0s)
359.0,J3,3,4,0,J3_J4,0.136,NORMAL,KEEP_GREEN,minimum green not satisfied (5.0s < 10.0s)
359.0,J4,3,1,0,J4_E5,0.059,NORMAL,KEEP_GREEN,minimum green not satisfied (8.0s < 10.0s)
