timestamp,junction_id,current_phase,queue_main,queue_cross,downstream_edge,downstream_occupancy,spillback_risk,cross_debt,cross_starvation_risk,emergency_status,recovery_active,action,reason
0.0,J1,0,0,0,J1_J2,0.0,NORMAL,0.0,False,INACTIVE,False,KEEP_GREEN,minimum green not satisfied (0.0s < 10.0s)
0.0,J2,0,0,0,J2_J3,0.0,NORMAL,0.0,False,INACTIVE,False,KEEP_GREEN,minimum green not satisfied (0.0s < 10.0s)
0.0,J3,0,0,0,J3_J4,0.0,NORMAL,0.0,False,INACTIVE,False,KEEP_GREEN,minimum green not satisfied (0.0s < 10.0s)
0.0,J4,0,0,0,J4_E5,0.0,NORMAL,0.0,False,INACTIVE,False,KEEP_GREEN,minimum green not satisfied (0.0s < 10.0s)
1.0,J1,0,0,0,J1_J2,0.0,NORMAL,0.0,False,INACTIVE,False,KEEP_GREEN,minimum green not satisfied (1.0s < 10.0s)
1.0,J2,0,0,0,J2_J3,0.0,NORMAL,0.0,False,INACTIVE,False,KEEP_GREEN,minimum green not satisfied (1.0s < 10.0s)
1.0,J3,0,0,0,J3_J4,0.0,NORMAL,0.0,False,INACTIVE,False,KEEP_GREEN,minimum green not satisfied (1.0s < 10.0s)
1.0,J4,0,0,0,J4_E5,0.0,NORMAL,0.0,False,INACTIVE,False,KEEP_GREEN,minimum green not satisfied (1.0s < 10.0s)
2.0,J1,0,0,0,J1_J2,0.0,NORMAL,0.0,False,INACTIVE,False,KEEP_GREEN,minimum green not satisfied (2.0s < 10.0s)
2.0,J2,0,0,0,J2_J3,0.0,NORMAL,0.0,False,INACTIVE,False,KEEP_GREEN,minimum green not satisfied (2.0s < 10.0s)
2.0,J3,0,0,0,J3_J4,0.0,NORMAL,0.0,False,INACTIVE,False,KEEP_GREEN,minimum green not satisfied (2.0s < 10.0s)
2.0,J4,0,0,0,J4_E5,0.0,NORMAL,0.0,False,INACTIVE,False,KEEP_GREEN,minimum green not satisfied (2.0s < 10.0s)
3.0,J1,0,0,0,J1_J2,0.0,NORMAL,0.0,False,INACTIVE,False,KEEP_GREEN,minimum green not satisfied (3.0s < 10.0s)
3.0,J2,0,0,0,J2_J3,0.0,NORMAL,0.0,False,INACTIVE,False,KEEP_GREEN,minimum green not satisfied (3.0s < 10.0s)
3.0,J3,0,0,0,J3_J4,0.0,NORMAL,0.0,False,INACTIVE,False,KEEP_GREEN,minimum green not satisfied (3.0s < 10.0s)
3.0,J4,0,0,0,J4_E5,0.0,NORMAL,0.0,False,INACTIVE,False,KEEP_GREEN,minimum green not satisfied (3.0s < 10.0s)
4.0,J1,0,0,0,J1_J2,0.0,NORMAL,0.0,False,INACTIVE,False,KEEP_GREEN,minimum green not satisfied (4.0s < 10.0s)
4.0,J2,0,0,0,J2_J3,0.0,NORMAL,0.0,False,INACTIVE,False,KEEP_GREEN,minimum green not satisfied (4.0s < 10.0s)
4.0,J3,0,0,0,J3_J4,0.0,NORMAL,0.0,False,INACTIVE,False,KEEP_GREEN,minimum green not satisfied (4.0s < 10.0s)
4.0,J4,0,0,0,J4_E5,0.0,NORMAL,0.0,False,INACTIVE,False,KEEP_GREEN,minimum green not satisfied (4.0s < 10.0s)
5.0,J1,0,0,0,J1_J2,0.0,NORMAL,0.0,False,INACTIVE,False,KEEP_GREEN,minimum green not satisfied (5.0s < 10.0s)
5.0,J2,0,0,0,J2_J3,0.0,NORMAL,0.0,False,INACTIVE,False,KEEP_GREEN,minimum green not satisfied (5.0s < 10.0s)
5.0,J3,0,0,0,J3_J4,0.0,NORMAL,0.0,False,INACTIVE,False,KEEP_GREEN,minimum green not satisfied (5.0s < 10.0s)
5.0,J4,0,0,0,J4_E5,0.0,NORMAL,0.0,False,INACTIVE,False,KEEP_GREEN,minimum green not satisfied (5.0s < 10.0s)
6.0,J1,0,0,0,J1_J2,0.0,NORMAL,0.0,False,INACTIVE,False,KEEP_GREEN,minimum green not satisfied (6.0s < 10.0s)
6.0,J2,0,0,0,J2_J3,0.0,NORMAL,0.0,False,INACTIVE,False,KEEP_GREEN,minimum green not satisfied (6.0s < 10.0s)
6.0,J3,0,0,0,J3_J4,0.0,NORMAL,0.0,False,INACTIVE,False,KEEP_GREEN,minimum green not satisfied (6.0s < 10.0s)
6.0,J4,0,0,0,J4_E5,0.0,NORMAL,0.0,False,INACTIVE,False,KEEP_GREEN,minimum green not satisfied (6.0s < 10.0s)
7.0,J1,0,0,0,J1_J2,0.0,NORMAL,0.0,False,INACTIVE,False,KEEP_GREEN,minimum green not satisfied (7.0s < 10.0s)
7.0,J2,0,0,0,J2_J3,0.0,NORMAL,0.0,False,INACTIVE,False,KEEP_GREEN,minimum green not satisfied (7.0s < 10.0s)
7.0,J3,0,0,0,J3_J4,0.0,NORMAL,0.0,False,INACTIVE,False,KEEP_GREEN,minimum green not satisfied (7.0s < 10.0s)
7.0,J4,0,0,0,J4_E5,0.0,NORMAL,0.0,False,INACTIVE,False,KEEP_GREEN,minimum green not satisfied (7.0s < 10.0s)
8.0,J1,0,0,0,J1_J2,0.0,NORMAL,0.0,False,INACTIVE,False,KEEP_GREEN,minimum green not satisfied (8.0s < 10.0s)
8.0,J2,0,0,0,J2_J3,0.0,NORMAL,0.0,False,INACTIVE,False,KEEP_GREEN,minimum green not satisfied (8.0s < 10.0s)
8.0,J3,0,0,0,J3_J4,0.0,NORMAL,0.0,False,INACTIVE,False,KEEP_GREEN,minimum green not satisfied (8.0s < 10.0s)
8.0,J4,0,0,0,J4_E5,0.0,NORMAL,0.0,False,INACTIVE,False,KEEP_GREEN,minimum green not satisfied (8.0s < 10.0s)
9.0,J1,0,0,0,J1_J2,0.0,NORMAL,0.0,False,INACTIVE,False,KEEP_GREEN,minimum green not satisfied (9.0s < 10.0s)
9.0,J2,0,0,0,J2_J3,0.0,NORMAL,0.0,False,INACTIVE,False,KEEP_GREEN,minimum green not satisfied (9.0s < 10.0s)
9.0,J3,0,0,0,J3_J4,0.0,NORMAL,0.0,False,INACTIVE,False,KEEP_GREEN,minimum green not satisfied (9.0s < 10.0s)
9.0,J4,0,0,0,J4_E5,0.0,NORMAL,0.0,False,INACTIVE,False,KEEP_GREEN,minimum green not satisfied (9.0s < 10.0s)
10.0,J1,0,0,0,J1_J2,0.0,NORMAL,0.0,False,INACTIVE,False,KEEP_GREEN,main demand below threshold
10.0,J2,0,0,0,J2_J3,0.0,NORMAL,0.0,False,INACTIVE,False,KEEP_GREEN,main demand below threshold
10.0,J3,0,0,0,J3_J4,0.0,NORMAL,0.0,False,INACTIVE,False,KEEP_GREEN,main demand below threshold
10.0,J4,0,0,0,J4_E5,0.0,NORMAL,0.0,False,INACTIVE,False,KEEP_GREEN,main demand below threshold
11.0,J1,0,0,0,J1_J2,0.0,NORMAL,0.0,False,INACTIVE,False,KEEP_GREEN,main demand below threshold
11.0,J2,0,0,0,J2_J3,0.0,NORMAL,0.0,False,INACTIVE,False,KEEP_GREEN,main demand below threshold
11.0,J3,0,0,0,J3_J4,0.0,NORMAL,0.0,False,INACTIVE,False,KEEP_GREEN,main demand below threshold
11.0,J4,0,0,0,J4_E5,0.0,NORMAL,0.0,False,INACTIVE,False,KEEP_GREEN,main demand below threshold
12.0,J1,0,0,0,J1_J2,0.0,NORMAL,0.0,False,INACTIVE,False,KEEP_GREEN,main demand below threshold
12.0,J2,0,0,0,J2_J3,0.0,NORMAL,0.0,False,INACTIVE,False,KEEP_GREEN,main demand below threshold
12.0,J3,0,0,0,J3_J4,0.0,NORMAL,0.0,False,INACTIVE,False,KEEP_GREEN,main demand below threshold
12.0,J4,0,0,0,J4_E5,0.0,NORMAL,0.0,False,INACTIVE,False,KEEP_GREEN,main demand below threshold
13.0,J1,0,0,0,J1_J2,0.0,NORMAL,0.0,False,INACTIVE,False,KEEP_GREEN,main demand below threshold
13.0,J2,0,0,0,J2_J3,0.0,NORMAL,0.0,False,INACTIVE,False,KEEP_GREEN,main demand below threshold
13.0,J3,0,0,0,J3_J4,0.0,NORMAL,0.0,False,INACTIVE,False,KEEP_GREEN,main demand below threshold
13.0,J4,0,0,0,J4_E5,0.0,NORMAL,0.0,False,INACTIVE,False,KEEP_GREEN,main demand below threshold
14.0,J1,0,0,0,J1_J2,0.0,NORMAL,0.0,False,INACTIVE,False,KEEP_GREEN,main demand below threshold
14.0,J2,0,0,0,J2_J3,0.0,NORMAL,0.0,False,INACTIVE,False,KEEP_GREEN,main demand below threshold
14.0,J3,0,0,0,J3_J4,0.0,NORMAL,0.0,False,INACTIVE,False,KEEP_GREEN,main demand below threshold
14.0,J4,0,0,0,J4_E5,0.0,NORMAL,0.0,False,INACTIVE,False,KEEP_GREEN,main demand below threshold
15.0,J1,0,0,0,J1_J2,0.0,NORMAL,0.0,False,INACTIVE,False,KEEP_GREEN,main demand below threshold
15.0,J2,0,0,0,J2_J3,0.0,NORMAL,0.0,False,INACTIVE,False,KEEP_GREEN,main demand below threshold
15.0,J3,0,0,0,J3_J4,0.0,NORMAL,0.0,False,INACTIVE,False,KEEP_GREEN,main demand below threshold
15.0,J4,0,0,1,J4_E5,0.0,NORMAL,0.8,False,INACTIVE,False,START_TRANSITION,main queue empty and cross queue waiting (1)
16.0,J1,0,0,0,J1_J2,0.0,NORMAL,0.0,False,INACTIVE,False,KEEP_GREEN,main demand below threshold
16.0,J2,0,0,0,J2_J3,0.0,NORMAL,0.0,False,INACTIVE,False,KEEP_GREEN,main demand below threshold
16.0,J3,0,0,0,J3_J4,0.0,NORMAL,0.0,False,INACTIVE,False,KEEP_GREEN,main demand below threshold
16.0,J4,1,0,1,J4_E5,0.0,NORMAL,1.6,False,INACTIVE,False,HOLD,clearance phase active
17.0,J1,0,0,0,J1_J2,0.0,NORMAL,0.0,False,INACTIVE,False,KEEP_GREEN,main demand below threshold
17.0,J2,0,0,1,J2_J3,0.0,NORMAL,0.8,False,INACTIVE,False,START_TRANSITION,main queue empty and cross queue waiting (1)
17.0,J3,0,0,0,J3_J4,0.0,NORMAL,0.0,False,INACTIVE,False,KEEP_GREEN,main demand below threshold
17.0,J4,1,0,1,J4_E5,0.0,NORMAL,2.4,False,INACTIVE,False,HOLD,clearance phase active
18.0,J1,0,0,0,J1_J2,0.0,NORMAL,0.0,False,INACTIVE,False,KEEP_GREEN,main demand below threshold
18.0,J2,1,0,1,J2_J3,0.0,NORMAL,1.6,False,INACTIVE,False,HOLD,clearance phase active
18.0,J3,0,0,1,J3_J4,0.0,NORMAL,0.6,False,INACTIVE,False,START_TRANSITION,main queue empty and cross queue waiting (1)
18.0,J4,1,0,1,J4_E5,0.0,NORMAL,3.2,False,INACTIVE,False,HOLD,clearance phase active
19.0,J1,0,0,0,J1_J2,0.0,NORMAL,0.0,False,INACTIVE,False,KEEP_GREEN,main demand below threshold
19.0,J2,1,0,1,J2_J3,0.0,NORMAL,2.4,False,INACTIVE,False,HOLD,clearance phase active
19.0,J3,1,0,2,J3_J4,0.0,NORMAL,1.4,False,INACTIVE,False,HOLD,clearance phase active
19.0,J4,2,0,1,J4_E5,0.0,NORMAL,4.0,False,INACTIVE,False,HOLD,clearance phase active
20.0,J1,0,0,0,J1_J2,0.0,NORMAL,0.0,False,INACTIVE,False,KEEP_GREEN,main demand below threshold
20.0,J2,1,0,1,J2_J3,0.0,NORMAL,3.2,False,INACTIVE,False,HOLD,clearance phase active
20.0,J3,1,0,2,J3_J4,0.0,NORMAL,1.7,False,INACTIVE,False,HOLD,clearance phase active
20.0,J4,2,1,1,J4_E5,0.0,NORMAL,4.8,False,INACTIVE,False,HOLD,clearance phase active
21.0,J1,0,0,0,J1_J2,0.0,NORMAL,0.0,False,INACTIVE,False,KEEP_GREEN,main demand below threshold
21.0,J2,2,0,1,J2_J3,0.0,NORMAL,3.0,False,INACTIVE,False,HOLD,clearance phase active
21.0,J3,1,0,3,J3_J4,0.0,NORMAL,2.4,False,INACTIVE,False,HOLD,clearance phase active
21.0,J4,3,1,0,J4_E5,0.0,NORMAL,0.0,False,INACTIVE,False,KEEP_GREEN,minimum green not satisfied (0.0s < 10.0s)
22.0,J1,0,0,0,J1_J2,0.02,NORMAL,0.0,False,INACTIVE,False,KEEP_GREEN,main demand below threshold
22.0,J2,2,0,1,J2_J3,0.0,NORMAL,3.6,False,INACTIVE,False,HOLD,clearance phase active
22.0,J3,2,0,4,J3_J4,0.0,NORMAL,2.96,False,INACTIVE,False,HOLD,clearance phase active
22.0,J4,3,1,0,J4_E5,0.0,NORMAL,0.0,False,INACTIVE,False,KEEP_GREEN,minimum green not satisfied (1.0s < 10.0s)
23.0,J1,0,0,0,J1_J2,0.02,NORMAL,0.0,False,INACTIVE,False,KEEP_GREEN,main demand below threshold
23.0,J2,3,0,0,J2_J3,0.0,NORMAL,0.0,False,INACTIVE,False,KEEP_GREEN,minimum green not satisfied (0.0s < 10.0s)
23.0,J3,2,0,5,J3_J4,0.0,NORMAL,3.53,False,INACTIVE,False,HOLD,clearance phase active
23.0,J4,3,1,0,J4_E5,0.0,NORMAL,0.0,False,INACTIVE,False,KEEP_GREEN,minimum green not satisfied (2.0s < 10.0s)
24.0,J1,0,0,0,J1_J2,0.061,NORMAL,0.0,False,INACTIVE,False,KEEP_GREEN,main demand below threshold
24.0,J2,3,0,0,J2_J3,0.0,NORMAL,0.0,False,INACTIVE,False,KEEP_GREEN,minimum green not satisfied (1.0s < 10.0s)
24.0,J3,3,0,3,J3_J4,0.0,NORMAL,2.5,False,INACTIVE,False,KEEP_GREEN,minimum green not satisfied (0.0s < 10.0s)
24.0,J4,3,1,0,J4_E5,0.0,NORMAL,0.0,False,INACTIVE,False,KEEP_GREEN,minimum green not satisfied (3.0s < 10.0s)
25.0,J1,0,0,0,J1_J2,0.061,NORMAL,0.0,False,INACTIVE,False,KEEP_GREEN,main demand below threshold
25.0,J2,3,0,0,J2_J3,0.0,NORMAL,0.0,False,INACTIVE,False,KEEP_GREEN,minimum green not satisfied (2.0s < 10.0s)
25.0,J3,3,0,2,J3_J4,0.0,NORMAL,2.0,False,INACTIVE,False,KEEP_GREEN,minimum green not satisfied (1.0s < 10.0s)
25.0,J4,3,1,0,J4_E5,0.0,NORMAL,0.0,False,INACTIVE,False,KEEP_GREEN,minimum green not satisfied (4.0s < 10.0s)
26.0,J1,0,0,0,J1_J2,0.082,NORMAL,0.0,False,INACTIVE,False,KEEP_GREEN,main demand below threshold
26.0,J2,3,0,0,J2_J3,0.0,NORMAL,0.0,False,INACTIVE,False,KEEP_GREEN,minimum green not satisfied (3.0s < 10.0s)
26.0,J3,3,0,0,J3_J4,0.0,NORMAL,0.0,False,INACTIVE,False,KEEP_GREEN,minimum green not satisfied (2.0s < 10.0s)
26.0,J4,3,1,0,J4_E5,0.0,NORMAL,0.0,False,INACTIVE,False,KEEP_GREEN,minimum green not satisfied (5.0s < 10.0s)
27.0,J1,0,0,1,J1_J2,0.082,NORMAL,0.8,False,INACTIVE,False,START_TRANSITION,main queue empty and cross queue waiting (1)
27.0,J2,3,0,0,J2_J3,0.0,NORMAL,0.0,False,INACTIVE,False,KEEP_GREEN,minimum green not satisfied (4.0s < 10.0s)
27.0,J3,3,0,0,J3_J4,0.0,NORMAL,0.0,False,INACTIVE,False,KEEP_GREEN,minimum green not satisfied (3.0s < 10.0s)
27.0,J4,3,1,0,J4_E5,0.0,NORMAL,0.0,False,INACTIVE,False,KEEP_GREEN,minimum green not satisfied (6.0s < 10.0s)
28.0,J1,1,0,1,J1_J2,0.082,NORMAL,1.6,False,INACTIVE,False,HOLD,clearance phase active
28.0,J2,3,0,0,J2_J3,0.0,NORMAL,0.0,False,INACTIVE,False,KEEP_GREEN,minimum green not satisfied (5.0s < 10.0s)
28.0,J3,3,0,0,J3_J4,0.0,NORMAL,0.0,False,INACTIVE,False,KEEP_GREEN,minimum green not satisfied (4.0s < 10.0s)
28.0,J4,3,2,0,J4_E5,0.0,NORMAL,0.0,False,INACTIVE,False,KEEP_GREEN,minimum green not satisfied (7.0s < 10.0s)
29.0,J1,1,0,1,J1_J2,0.102,NORMAL,2.4,False,INACTIVE,False,HOLD,clearance phase active
29.0,J2,3,0,0,J2_J3,0.0,NORMAL,0.0,False,INACTIVE,False,KEEP_GREEN,minimum green not satisfied (6.0s < 10.0s)
29.0,J3,3,0,0,J3_J4,0.0,NORMAL,0.0,False,INACTIVE,False,KEEP_GREEN,minimum green not satisfied (5.0s < 10.0s)
29.0,J4,3,2,0,J4_E5,0.0,NORMAL,0.0,False,INACTIVE,False,KEEP_GREEN,minimum green not satisfied (8.0s < 10.0s)
30.0,J1,1,0,1,J1_J2,0.102,NORMAL,3.2,False,INACTIVE,False,HOLD,clearance phase active
30.0,J2,3,0,0,J2_J3,0.0,NORMAL,0.0,False,INACTIVE,False,KEEP_GREEN,minimum green not satisfied (7.0s < 10.0s)
30.0,J3,3,0,0,J3_J4,0.0,NORMAL,0.0,False,INACTIVE,False,KEEP_GREEN,minimum green not satisfied (6.0s < 10.0s)
30.0,J4,3,2,0,J4_E5,0.0,NORMAL,0.0,False,INACTIVE,False,KEEP_GREEN,minimum green not satisfied (9.0s < 10.0s)
31.0,J1,2,0,1,J1_J2,0.102,NORMAL,4.0,False,INACTIVE,False,HOLD,clearance phase active
31.0,J2,3,0,0,J2_J3,0.0,NORMAL,0.0,False,INACTIVE,False,KEEP_GREEN,minimum green not satisfied (8.0s < 10.0s)
31.0,J3,3,0,0,J3_J4,0.0,NORMAL,0.0,False,INACTIVE,False,KEEP_GREEN,minimum green not satisfied (7.0s < 10.0s)
31.0,J4,3,2,0,J4_E5,0.0,NORMAL,0.0,False,INACTIVE,False,START_TRANSITION,cross queue empty and main queue waiting (2)
32.0,J1,2,0,1,J1_J2,0.102,NORMAL,4.8,False,INACTIVE,False,HOLD,clearance phase active
32.0,J2,3,0,0,J2_J3,0.0,NORMAL,0.0,False,INACTIVE,False,KEEP_GREEN,minimum green not satisfied (9.0s < 10.0s)
32.0,J3,3,0,0,J3_J4,0.0,NORMAL,0.0,False,INACTIVE,False,KEEP_GREEN,minimum green not satisfied (8.0s < 10.0s)
32.0,J4,4,3,0,J4_E5,0.0,NORMAL,0.0,False,INACTIVE,False,HOLD,clearance phase active
33.0,J1,3,1,0,J1_J2,0.102,NORMAL,0.0,False,INACTIVE,False,KEEP_GREEN,minimum green not satisfied (0.0s < 10.0s)
33.0,J2,3,0,0,J2_J3,0.0,NORMAL,0.0,False,INACTIVE,False,START_TRANSITION,"cross street empty, returning to main arterial"
33.0,J3,3,1,0,J3_J4,0.0,NORMAL,0.0,False,INACTIVE,False,KEEP_GREEN,minimum green not satisfied (9.0s < 10.0s)
33.0,J4,4,3,0,J4_E5,0.0,NORMAL,0.0,False,INACTIVE,False,HOLD,clearance phase active
34.0,J1,3,1,0,J1_J2,0.102,NORMAL,0.0,False,INACTIVE,False,KEEP_GREEN,minimum green not satisfied (1.0s < 10.0s)
34.0,J2,4,0,0,J2_J3,0.0,NORMAL,0.0,False,INACTIVE,False,HOLD,clearance phase active
34.0,J3,3,1,0,J3_J4,0.0,NORMAL,0.0,False,INACTIVE,False,START_TRANSITION,cross queue empty and main queue waiting (1)
34.0,J4,4,3,0,J4_E5,0.0,NORMAL,0.0,False,INACTIVE,False,HOLD,clearance phase active
35.0,J1,3,2,0,J1_J2,0.102,NORMAL,0.0,False,INACTIVE,False,KEEP_GREEN,minimum green not satisfied (2.0s < 10.0s)
35.0,J2,4,0,0,J2_J3,0.0,NORMAL,0.0,False,INACTIVE,False,HOLD,clearance phase active
35.0,J3,4,1,0,J3_J4,0.0,NORMAL,0.0,False,INACTIVE,False,HOLD,clearance phase active
35.0,J4,5,3,0,J4_E5,0.0,NORMAL,0.0,False,INACTIVE,False,HOLD,clearance phase active
36.0,J1,3,3,0,J1_J2,0.102,NORMAL,0.0,False,INACTIVE,False,KEEP_GREEN,minimum green not satisfied (3.0s < 10.0s)
36.0,J2,4,0,0,J2_J3,0.0,NORMAL,0.0,False,INACTIVE,False,HOLD,clearance phase active
36.0,J3,4,1,0,J3_J4,0.0,NORMAL,0.0,False,INACTIVE,False,HOLD,clearance phase active
36.0,J4,5,3,1,J4_E5,0.0,NORMAL,0.8,False,INACTIVE,False,HOLD,clearance phase active
37.0,J1,3,5,0,J1_J2,0.102,NORMAL,0.0,False,INACTIVE,False,KEEP_GREEN,minimum green not satisfied (4.0s < 10.0s)
37.0,J2,5,0,0,J2_J3,0.0,NORMAL,0.0,False,INACTIVE,False,HOLD,clearance phase active
37.0,J3,4,1,0,J3_J4,0.0,NORMAL,0.0,False,INACTIVE,False,HOLD,clearance phase active
37.0,J4,0,1,2,J4_E5,0.0,NORMAL,3.4,False,INACTIVE,False,KEEP_GREEN,minimum green not satisfied (0.0s < 10.0s)
38.0,J1,3,5,0,J1_J2,0.102,NORMAL,0.0,False,INACTIVE,False,KEEP_GREEN,minimum green not satisfied (5.0s < 10.0s)
38.0,J2,5,0,0,J2_J3,0.0,NORMAL,0.0,False,INACTIVE,False,HOLD,clearance phase active
38.0,J3,5,1,0,J3_J4,0.0,NORMAL,0.0,False,INACTIVE,False,HOLD,clearance phase active
38.0,J4,0,0,2,J4_E5,0.0,NORMAL,3.87,False,INACTIVE,False,KEEP_GREEN,minimum green not satisfied (1.0s < 10.0s)
39.0,J1,3,5,0,J1_J2,0.082,NORMAL,0.0,False,INACTIVE,False,KEEP_GREEN,minimum green not satisfied (6.0s < 10.0s)
39.0,J2,0,0,0,J2_J3,0.0,NORMAL,2.0,False,INACTIVE,False,KEEP_GREEN,minimum green not satisfied (0.0s < 10.0s)
39.0,J3,5,1,0,J3_J4,0.0,NORMAL,0.0,False,INACTIVE,False,HOLD,clearance phase active
39.0,J4,0,0,3,J4_E5,0.0,NORMAL,4.67,False,INACTIVE,False,KEEP_GREEN,minimum green not satisfied (2.0s < 10.0s)
40.0,J1,3,5,0,J1_J2,0.061,NORMAL,0.0,False,INACTIVE,False,KEEP_GREEN,minimum green not satisfied (7.0s < 10.0s)
40.0,J2,0,0,1,J2_J3,0.02,NORMAL,2.8,False,INACTIVE,False,KEEP_GREEN,minimum green not satisfied (1.0s < 10.0s)
40.0,J3,0,0,0,J3_J4,0.0,NORMAL,0.0,False,INACTIVE,False,KEEP_GREEN,minimum green not satisfied (0.0s < 10.0s)
40.0,J4,0,0,4,J4_E5,0.0,NORMAL,5.2,False,INACTIVE,False,KEEP_GREEN,minimum green not satisfied (3.0s < 10.0s)
41.0,J1,3,7,0,J1_J2,0.041,NORMAL,0.0,False,INACTIVE,False,KEEP_GREEN,minimum green not satisfied (8.0s < 10.0s)
41.0,J2,0,0,1,J2_J3,0.041,NORMAL,3.6,False,INACTIVE,False,KEEP_GREEN,minimum green not satisfied (2.0s < 10.0s)
41.0,J3,0,0,0,J3_J4,0.0,NORMAL,0.0,False,INACTIVE,False,KEEP_GREEN,minimum green not satisfied (1.0s < 10.0s)
41.0,J4,0,0,4,J4_E5,0.0,NORMAL,6.0,False,INACTIVE,False,KEEP_GREEN,minimum green not satisfied (4.0s < 10.0s)
42.0,J1,3,7,0,J1_J2,0.02,NORMAL,0.0,False,INACTIVE,False,KEEP_GREEN,minimum green not satisfied (9.0s < 10.0s)
42.0,J2,0,0,1,J2_J3,0.061,NORMAL,4.4,False,INACTIVE,False,KEEP_GREEN,minimum green not satisfied (3.0s < 10.0s)
42.0,J3,0,0,0,J3_J4,0.0,NORMAL,0.0,False,INACTIVE,False,KEEP_GREEN,minimum green not satisfied (2.0s < 10.0s)
42.0,J4,0,0,4,J4_E5,0.0,NORMAL,6.8,False,INACTIVE,False,KEEP_GREEN,minimum green not satisfied (5.0s < 10.0s)
43.0,J1,3,7,0,J1_J2,0.02,NORMAL,0.0,False,INACTIVE,False,START_TRANSITION,main queue (7) exceeds cross queue (0)
43.0,J2,0,0,1,J2_J3,0.082,NORMAL,5.2,False,INACTIVE,False,KEEP_GREEN,minimum green not satisfied (4.0s < 10.0s)
43.0,J3,0,0,0,J3_J4,0.0,NORMAL,0.0,False,INACTIVE,False,KEEP_GREEN,minimum green not satisfied (3.0s < 10.0s)
43.0,J4,0,0,5,J4_E5,0.0,NORMAL,7.2,False,INACTIVE,False,KEEP_GREEN,minimum green not satisfied (6.0s < 10.0s)
44.0,J1,4,7,0,J1_J2,0.02,NORMAL,0.0,False,INACTIVE,False,HOLD,clearance phase active
44.0,J2,0,0,1,J2_J3,0.082,NORMAL,5.0,False,INACTIVE,False,KEEP_GREEN,minimum green not satisfied (5.0s < 10.0s)
44.0,J3,0,0,0,J3_J4,0.0,NORMAL,0.0,False,INACTIVE,False,KEEP_GREEN,minimum green not satisfied (4.0s < 10.0s)
44.0,J4,0,0,5,J4_E5,0.0,NORMAL,8.0,False,INACTIVE,False,KEEP_GREEN,minimum green not satisfied (7.0s < 10.0s)
45.0,J1,4,8,0,J1_J2,0.0,NORMAL,0.0,False,INACTIVE,False,HOLD,clearance phase active
45.0,J2,0,0,2,J2_J3,0.082,NORMAL,5.8,False,INACTIVE,False,KEEP_GREEN,minimum green not satisfied (6.0s < 10.0s)
45.0,J3,0,0,0,J3_J4,0.0,NORMAL,0.0,False,INACTIVE,False,KEEP_GREEN,minimum green not satisfied (5.0s < 10.0s)
45.0,J4,0,0,5,J4_E5,0.0,NORMAL,8.8,False,INACTIVE,False,KEEP_GREEN,minimum green not satisfied (8.0s < 10.0s)
46.0,J1,4,8,0,J1_J2,0.0,NORMAL,0.0,False,INACTIVE,False,HOLD,clearance phase active
46.0,J2,0,0,2,J2_J3,0.102,NORMAL,6.6,False,INACTIVE,False,KEEP_GREEN,minimum green not satisfied (7.0s < 10.0s)
46.0,J3,0,0,0,J3_J4,0.0,NORMAL,0.0,False,INACTIVE,False,KEEP_GREEN,minimum green not satisfied (6.0s < 10.0s)
46.0,J4,0,0,5,J4_E5,0.0,NORMAL,9.6,False,INACTIVE,False,KEEP_GREEN,minimum green not satisfied (9.0s < 10.0s)
47.0,J1,5,8,0,J1_J2,0.0,NORMAL,0.0,False,INACTIVE,False,HOLD,clearance phase active
47.0,J2,0,0,2,J2_J3,0.102,NORMAL,7.4,False,INACTIVE,False,KEEP_GREEN,minimum green not satisfied (8.0s < 10.0s)
47.0,J3,0,0,0,J3_J4,0.0,NORMAL,0.0,False,INACTIVE,False,KEEP_GREEN,minimum green not satisfied (7.0s < 10.0s)
47.0,J4,0,0,5,J4_E5,0.0,NORMAL,10.4,False,INACTIVE,False,START_TRANSITION,cross queue (5) exceeds main queue (0)
48.0,J1,5,10,0,J1_J2,0.0,NORMAL,0.0,False,INACTIVE,False,HOLD,clearance phase active
48.0,J2,0,0,2,J2_J3,0.102,NORMAL,8.2,False,INACTIVE,False,KEEP_GREEN,minimum green not satisfied (9.0s < 10.0s)
48.0,J3,0,0,1,J3_J4,0.0,NORMAL,0.8,False,INACTIVE,False,KEEP_GREEN,minimum green not satisfied (8.0s < 10.0s)
48.0,J4,1,0,5,J4_E5,0.0,NORMAL,11.2,False,INACTIVE,False,HOLD,clearance phase active
49.0,J1,0,9,0,J1_J2,0.0,NORMAL,0.0,False,INACTIVE,False,KEEP_GREEN,minimum green not satisfied (0.0s < 10.0s)
49.0,J2,0,0,2,J2_J3,0.102,NORMAL,9.0,False,INACTIVE,False,START_TRANSITION,main queue empty and cross queue waiting (2)
49.0,J3,0,0,1,J3_J4,0.0,NORMAL,1.6,False,INACTIVE,False,KEEP_GREEN,minimum green not satisfied (9.0s < 10.0s)
49.0,J4,1,0,5,J4_E5,0.0,NORMAL,12.0,False,INACTIVE,False,HOLD,clearance phase active
50.0,J1,0,7,0,J1_J2,0.0,NORMAL,0.0,False,INACTIVE,False,KEEP_GREEN,minimum green not satisfied (1.0s < 10.0s)
50.0,J2,1,0,2,J2_J3,0.102,NORMAL,9.8,False,INACTIVE,False,HOLD,clearance phase active
50.0,J3,0,0,1,J3_J4,0.0,NORMAL,2.4,False,INACTIVE,False,START_TRANSITION,main queue empty and cross queue waiting (1)
50.0,J4,1,0,5,J4_E5,0.0,NORMAL,12.8,False,INACTIVE,False,HOLD,clearance phase active
51.0,J1,0,6,0,J1_J2,0.0,NORMAL,0.0,False,INACTIVE,False,KEEP_GREEN,minimum green not satisfied (2.0s < 10.0s)
51.0,J2,1,0,3,J2_J3,0.102,NORMAL,9.47,False,INACTIVE,False,HOLD,clearance phase active
51.0,J3,1,0,1,J3_J4,0.0,NORMAL,2.4,False,INACTIVE,False,HOLD,clearance phase active
51.0,J4,2,0,5,J4_E5,0.0,NORMAL,13.6,False,INACTIVE,False,HOLD,clearance phase active
52.0,J1,0,4,1,J1_J2,0.02,NORMAL,0.8,False,INACTIVE,False,KEEP_GREEN,minimum green not satisfied (3.0s < 10.0s)
52.0,J2,1,0,3,J2_J3,0.102,NORMAL,9.5,False,INACTIVE,False,HOLD,clearance phase active
52.0,J3,1,0,1,J3_J4,0.0,NORMAL,3.0,False,INACTIVE,False,HOLD,clearance phase active
52.0,J4,2,0,5,J4_E5,0.0,NORMAL,14.4,False,INACTIVE,False,HOLD,clearance phase active
53.0,J1,0,2,1,J1_J2,0.02,NORMAL,1.2,False,INACTIVE,False,KEEP_GREEN,minimum green not satisfied (4.0s < 10.0s)
53.0,J2,2,0,4,J2_J3,0.102,NORMAL,10.3,False,INACTIVE,False,HOLD,clearance phase active
53.0,J3,1,0,2,J3_J4,0.0,NORMAL,3.8,False,INACTIVE,False,HOLD,clearance phase active
53.0,J4,3,0,3,J4_E5,0.0,NORMAL,12.4,False,INACTIVE,False,KEEP_GREEN,minimum green not satisfied (0.0s < 10.0s)
54.0,J1,0,1,2,J1_J2,0.077,NORMAL,2.0,False,INACTIVE,False,KEEP_GREEN,minimum green not satisfied (5.0s < 10.0s)
54.0,J2,2,0,4,J2_J3,0.102,NORMAL,11.1,False,INACTIVE,False,HOLD,clearance phase active
54.0,J3,2,0,2,J3_J4,0.0,NORMAL,4.6,False,INACTIVE,False,HOLD,clearance phase active
54.0,J4,3,1,1,J4_E5,0.0,NORMAL,12.0,False,INACTIVE,False,KEEP_GREEN,minimum green not satisfied (1.0s < 10.0s)
55.0,J1,0,0,2,J1_J2,0.077,NORMAL,2.8,False,INACTIVE,False,KEEP_GREEN,minimum green not satisfied (6.0s < 10.0s)
55.0,J2,3,0,2,J2_J3,0.102,NORMAL,7.2,False,INACTIVE,False,KEEP_GREEN,minimum green not satisfied (0.0s < 10.0s)
55.0,J3,2,0,2,J3_J4,0.0,NORMAL,5.4,False,INACTIVE,False,HOLD,clearance phase active
55.0,J4,3,1,0,J4_E5,0.0,NORMAL,0.0,False,INACTIVE,False,KEEP_GREEN,minimum green not satisfied (2.0s < 10.0s)
56.0,J1,0,0,2,J1_J2,0.096,NORMAL,3.6,False,INACTIVE,False,KEEP_GREEN,minimum green not satisfied (7.0s < 10.0s)
56.0,J2,3,0,0,J2_J3,0.102,NORMAL,0.0,False,INACTIVE,False,KEEP_GREEN,minimum green not satisfied (1.0s < 10.0s)
56.0,J3,3,0,0,J3_J4,0.0,NORMAL,0.0,False,INACTIVE,False,KEEP_GREEN,minimum green not satisfied (0.0s < 10.0s)
56.0,J4,3,1,0,J4_E5,0.0,NORMAL,0.0,False,INACTIVE,False,KEEP_GREEN,minimum green not satisfied (3.0s < 10.0s)
57.0,J1,0,0,2,J1_J2,0.115,NORMAL,4.4,False,INACTIVE,False,KEEP_GREEN,minimum green not satisfied (8.0s < 10.0s)
57.0,J2,3,0,0,J2_J3,0.102,NORMAL,0.0,False,INACTIVE,False,KEEP_GREEN,minimum green not satisfied (2.0s < 10.0s)
57.0,J3,3,0,0,J3_J4,0.0,NORMAL,0.0,False,INACTIVE,False,KEEP_GREEN,minimum green not satisfied (1.0s < 10.0s)
57.0,J4,3,1,0,J4_E5,0.0,NORMAL,0.0,False,INACTIVE,False,KEEP_GREEN,minimum green not satisfied (4.0s < 10.0s)
58.0,J1,0,0,2,J1_J2,0.134,NORMAL,5.2,False,INACTIVE,False,KEEP_GREEN,minimum green not satisfied (9.0s < 10.0s)
58.0,J2,3,0,0,J2_J3,0.102,NORMAL,0.0,False,INACTIVE,False,KEEP_GREEN,minimum green not satisfied (3.0s < 10.0s)
58.0,J3,3,1,0,J3_J4,0.0,NORMAL,0.0,False,INACTIVE,False,KEEP_GREEN,minimum green not satisfied (2.0s < 10.0s)
58.0,J4,3,1,0,J4_E5,0.0,NORMAL,0.0,False,INACTIVE,False,KEEP_GREEN,minimum green not satisfied (5.0s < 10.0s)
59.0,J1,0,0,4,J1_J2,0.153,NORMAL,4.8,False,INACTIVE,False,START_TRANSITION,cross queue (4) exceeds main queue (0)
59.0,J2,3,0,0,J2_J3,0.102,NORMAL,0.0,False,INACTIVE,False,KEEP_GREEN,minimum green not satisfied (4.0s < 10.0s)
59.0,J3,3,2,0,J3_J4,0.0,NORMAL,0.0,False,INACTIVE,False,KEEP_GREEN,minimum green not satisfied (3.0s < 10.0s)
59.0,J4,3,1,0,J4_E5,0.0,NORMAL,0.0,False,INACTIVE,False,KEEP_GREEN,minimum green not satisfied (6.0s < 10.0s)
60.0,J1,1,0,4,J1_J2,0.173,NORMAL,5.6,False,INACTIVE,False,HOLD,clearance phase active
60.0,J2,3,1,0,J2_J3,0.102,NORMAL,0.0,False,INACTIVE,False,KEEP_GREEN,minimum green not satisfied (5.0s < 10.0s)
60.0,J3,3,3,0,J3_J4,0.0,NORMAL,0.0,False,INACTIVE,False,KEEP_GREEN,minimum green not satisfied (4.0s < 10.0s)
60.0,J4,3,1,0,J4_E5,0.0,NORMAL,0.0,False,INACTIVE,False,KEEP_GREEN,minimum green not satisfied (7.0s < 10.0s)
61.0,J1,1,0,5,J1_J2,0.212,NORMAL,6.0,False,INACTIVE,False,HOLD,clearance phase active
61.0,J2,3,1,0,J2_J3,0.102,NORMAL,0.0,False,INACTIVE,False,KEEP_GREEN,minimum green not satisfied (6.0s < 10.0s)
61.0,J3,3,5,0,J3_J4,0.0,NORMAL,0.0,False,INACTIVE,False,KEEP_GREEN,minimum green not satisfied (5.0s < 10.0s)
61.0,J4,3,1,0,J4_E5,0.0,NORMAL,0.0,False,INACTIVE,False,KEEP_GREEN,minimum green not satisfied (8.0s < 10.0s)
62.0,J1,1,0,5,J1_J2,0.212,NORMAL,6.4,False,INACTIVE,False,HOLD,clearance phase active
62.0,J2,3,1,0,J2_J3,0.102,NORMAL,0.0,False,INACTIVE,False,KEEP_GREEN,minimum green not satisfied (7.0s < 10.0s)
62.0,J3,3,6,0,J3_J4,0.0,NORMAL,0.0,False,INACTIVE,False,KEEP_GREEN,minimum green not satisfied (6.0s < 10.0s)
62.0,J4,3,1,0,J4_E5,0.0,NORMAL,0.0,False,INACTIVE,False,KEEP_GREEN,minimum green not satisfied (9.0s < 10.0s)
63.0,J1,2,0,6,J1_J2,0.212,NORMAL,6.86,False,INACTIVE,False,HOLD,clearance phase active
63.0,J2,3,1,0,J2_J3,0.102,NORMAL,0.0,False,INACTIVE,False,KEEP_GREEN,minimum green not satisfied (8.0s < 10.0s)
63.0,J3,3,8,0,J3_J4,0.0,NORMAL,0.0,False,INACTIVE,False,KEEP_GREEN,minimum green not satisfied (7.0s < 10.0s)
63.0,J4,3,2,0,J4_E5,0.0,NORMAL,0.0,False,INACTIVE,False,START_TRANSITION,cross queue empty and main queue waiting (2)
64.0,J1,2,1,6,J1_J2,0.212,NORMAL,7.6,False,INACTIVE,False,HOLD,clearance phase active
64.0,J2,3,1,0,J2_J3,0.102,NORMAL,0.0,False,INACTIVE,False,KEEP_GREEN,minimum green not satisfied (9.0s < 10.0s)
64.0,J3,3,8,0,J3_J4,0.0,NORMAL,0.0,False,INACTIVE,False,KEEP_GREEN,minimum green not satisfied (8.0s < 10.0s)
64.0,J4,4,2,0,J4_E5,0.0,NORMAL,0.0,False,INACTIVE,False,HOLD,clearance phase active
65.0,J1,3,2,4,J1_J2,0.212,NORMAL,6.6,False,INACTIVE,False,KEEP_GREEN,minimum green not satisfied (0.0s < 10.0s)
65.0,J2,3,1,0,J2_J3,0.102,NORMAL,0.0,False,INACTIVE,False,START_TRANSITION,cross queue empty and main queue waiting (1)
65.0,J3,3,8,0,J3_J4,0.0,NORMAL,0.0,False,INACTIVE,False,KEEP_GREEN,minimum green not satisfied (9.0s < 10.0s)
65.0,J4,4,2,0,J4_E5,0.0,NORMAL,0.0,False,INACTIVE,False,HOLD,clearance phase active
66.0,J1,3,3,4,J1_J2,0.212,NORMAL,5.1,False,INACTIVE,False,KEEP_GREEN,minimum green not satisfied (1.0s < 10.0s)
66.0,J2,4,1,0,J2_J3,0.102,NORMAL,0.0,False,INACTIVE,False,HOLD,clearance phase active
66.0,J3,3,8,0,J3_J4,0.0,NORMAL,0.0,False,INACTIVE,False,START_TRANSITION,main queue (8) exceeds cross queue (0)
66.0,J4,4,3,0,J4_E5,0.0,NORMAL,0.0,False,INACTIVE,False,HOLD,clearance phase active
67.0,J1,3,4,3,J1_J2,0.212,NORMAL,4.67,False,INACTIVE,False,KEEP_GREEN,minimum green not satisfied (2.0s < 10.0s)
67.0,J2,4,1,0,J2_J3,0.102,NORMAL,0.0,False,INACTIVE,False,HOLD,clearance phase active
67.0,J3,4,8,0,J3_J4,0.0,NORMAL,0.0,False,INACTIVE,False,HOLD,clearance phase active
67.0,J4,5,3,0,J4_E5,0.0,NORMAL,0.0,False,INACTIVE,False,HOLD,clearance phase active
68.0,J1,3,5,2,J1_J2,0.212,NORMAL,3.6,False,INACTIVE,False,KEEP_GREEN,minimum green not satisfied (3.0s < 10.0s)
68.0,J2,4,1,0,J2_J3,0.102,NORMAL,0.0,False,INACTIVE,False,HOLD,clearance phase active
68.0,J3,4,9,0,J3_J4,0.0,NORMAL,0.0,False,INACTIVE,False,HOLD,clearance phase active
68.0,J4,5,3,0,J4_E5,0.0,NORMAL,0.0,False,INACTIVE,False,HOLD,clearance phase active
69.0,J1,3,6,2,J1_J2,0.212,NORMAL,2.27,False,INACTIVE,False,KEEP_GREEN,minimum green not satisfied (4.0s < 10.0s)
69.0,J2,5,2,0,J2_J3,0.102,NORMAL,0.0,False,INACTIVE,False,HOLD,clearance phase active
69.0,J3,4,9,0,J3_J4,0.0,NORMAL,0.0,False,INACTIVE,False,HOLD,clearance phase active
69.0,J4,0,1,0,J4_E5,0.0,NORMAL,0.0,False,INACTIVE,False,KEEP_GREEN,minimum green not satisfied (0.0s < 10.0s)
70.0,J1,3,8,1,J1_J2,0.212,NORMAL,1.2,False,INACTIVE,False,KEEP_GREEN,minimum green not satisfied (5.0s < 10.0s)
70.0,J2,5,2,0,J2_J3,0.102,NORMAL,0.0,False,INACTIVE,False,HOLD,clearance phase active
70.0,J3,5,9,0,J3_J4,0.0,NORMAL,0.0,False,INACTIVE,False,HOLD,clearance phase active
70.0,J4,0,0,0,J4_E5,0.0,NORMAL,0.0,False,INACTIVE,False,KEEP_GREEN,minimum green not satisfied (1.0s < 10.0s)
71.0,J1,3,9,0,J1_J2,0.174,NORMAL,0.0,False,INACTIVE,False,KEEP_GREEN,minimum green not satisfied (6.0s < 10.0s)
71.0,J2,0,0,0,J2_J3,0.102,NORMAL,0.0,False,INACTIVE,False,KEEP_GREEN,minimum green not satisfied (0.0s < 10.0s)
71.0,J3,5,9,0,J3_J4,0.0,NORMAL,0.0,False,INACTIVE,False,HOLD,clearance phase active
71.0,J4,0,0,0,J4_E5,0.0,NORMAL,0.0,False,INACTIVE,False,KEEP_GREEN,minimum green not satisfied (2.0s < 10.0s)
72.0,J1,3,10,0,J1_J2,0.174,NORMAL,0.0,False,INACTIVE,False,KEEP_GREEN,minimum green not satisfied (7.0s < 10.0s)
72.0,J2,0,0,0,J2_J3,0.082,NORMAL,0.0,False,INACTIVE,False,KEEP_GREEN,minimum green not satisfied (1.0s < 10.0s)
72.0,J3,0,5,0,J3_J4,0.0,NORMAL,0.0,False,INACTIVE,False,KEEP_GREEN,minimum green not satisfied (0.0s < 10.0s)
72.0,J4,0,0,0,J4_E5,0.0,NORMAL,0.0,False,INACTIVE,False,KEEP_GREEN,minimum green not satisfied (3.0s < 10.0s)
73.0,J1,3,11,0,J1_J2,0.135,NORMAL,0.0,False,INACTIVE,False,KEEP_GREEN,minimum green not satisfied (8.0s < 10.0s)
73.0,J2,0,0,0,J2_J3,0.082,NORMAL,0.0,False,INACTIVE,False,KEEP_GREEN,minimum green not satisfied (2.0s < 10.0s)
73.0,J3,0,1,0,J3_J4,0.0,NORMAL,0.0,False,INACTIVE,False,KEEP_GREEN,minimum green not satisfied (1.0s < 10.0s)
73.0,J4,0,0,0,J4_E5,0.0,NORMAL,0.0,False,INACTIVE,False,KEEP_GREEN,minimum green not satisfied (4.0s < 10.0s)
74.0,J1,3,11,0,J1_J2,0.116,NORMAL,0.0,False,INACTIVE,False,KEEP_GREEN,minimum green not satisfied (9.0s < 10.0s)
74.0,J2,0,0,0,J2_J3,0.102,NORMAL,0.0,False,INACTIVE,False,KEEP_GREEN,minimum green not satisfied (3.0s < 10.0s)
74.0,J3,0,0,0,J3_J4,0.0,NORMAL,0.0,False,INACTIVE,False,KEEP_GREEN,minimum green not satisfied (2.0s < 10.0s)
74.0,J4,0,0,0,J4_E5,0.0,NORMAL,0.0,False,INACTIVE,False,KEEP_GREEN,minimum green not satisfied (5.0s < 10.0s)
75.0,J1,3,13,0,J1_J2,0.116,NORMAL,0.0,False,INACTIVE,False,START_TRANSITION,main queue (13) exceeds cross queue (0)
75.0,J2,0,0,0,J2_J3,0.096,NORMAL,0.0,False,INACTIVE,False,KEEP_GREEN,minimum green not satisfied (4.0s < 10.0s)
75.0,J3,0,0,1,J3_J4,0.041,NORMAL,0.8,False,INACTIVE,False,KEEP_GREEN,minimum green not satisfied (3.0s < 10.0s)
75.0,J4,0,0,1,J4_E5,0.0,NORMAL,0.6,False,INACTIVE,False,KEEP_GREEN,minimum green not satisfied (6.0s < 10.0s)
76.0,J1,4,13,0,J1_J2,0.078,NORMAL,0.0,False,INACTIVE,False,HOLD,clearance phase active
76.0,J2,0,0,0,J2_J3,0.114,NORMAL,0.0,False,INACTIVE,False,KEEP_GREEN,minimum green not satisfied (5.0s < 10.0s)
76.0,J3,0,0,1,J3_J4,0.041,NORMAL,1.6,False,INACTIVE,False,KEEP_GREEN,minimum green not satisfied (4.0s < 10.0s)
76.0,J4,0,0,2,J4_E5,0.0,NORMAL,1.4,False,INACTIVE,False,KEEP_GREEN,minimum green not satisfied (7.0s < 10.0s)
77.0,J1,4,13,0,J1_J2,0.078,NORMAL,0.0,False,INACTIVE,False,HOLD,clearance phase active
77.0,J2,0,0,0,J2_J3,0.115,NORMAL,0.0,False,INACTIVE,False,KEEP_GREEN,minimum green not satisfied (6.0s < 10.0s)
77.0,J3,0,0,1,J3_J4,0.082,NORMAL,2.4,False,INACTIVE,False,KEEP_GREEN,minimum green not satisfied (5.0s < 10.0s)
77.0,J4,0,0,2,J4_E5,0.0,NORMAL,1.87,False,INACTIVE,False,KEEP_GREEN,minimum green not satisfied (8.0s < 10.0s)
78.0,J1,4,14,0,J1_J2,0.042,NORMAL,0.0,False,INACTIVE,False,HOLD,clearance phase active
78.0,J2,0,0,0,J2_J3,0.134,NORMAL,0.0,False,INACTIVE,False,KEEP_GREEN,minimum green not satisfied (7.0s < 10.0s)
78.0,J3,0,0,1,J3_J4,0.082,NORMAL,3.2,False,INACTIVE,False,KEEP_GREEN,minimum green not satisfied (6.0s < 10.0s)
78.0,J4,0,0,3,J4_E5,0.0,NORMAL,2.67,False,INACTIVE,False,KEEP_GREEN,minimum green not satisfied (9.0s < 10.0s)
79.0,J1,5,16,1,J1_J2,0.039,NORMAL,0.8,False,INACTIVE,False,HOLD,clearance phase active
79.0,J2,0,0,0,J2_J3,0.153,NORMAL,0.0,False,INACTIVE,False,KEEP_GREEN,minimum green not satisfied (8.0s < 10.0s)
79.0,J3,0,0,1,J3_J4,0.102,NORMAL,4.0,False,INACTIVE,False,KEEP_GREEN,minimum green not satisfied (7.0s < 10.0s)
79.0,J4,0,0,3,J4_E5,0.0,NORMAL,3.1,False,INACTIVE,False,START_TRANSITION,cross queue (3) exceeds main queue (0)
80.0,J1,5,16,1,J1_J2,0.02,NORMAL,1.6,False,INACTIVE,False,HOLD,clearance phase active
80.0,J2,0,0,0,J2_J3,0.173,NORMAL,0.0,False,INACTIVE,False,KEEP_GREEN,minimum green not satisfied (9.0s < 10.0s)
80.0,J3,0,0,1,J3_J4,0.102,NORMAL,4.8,False,INACTIVE,False,KEEP_GREEN,minimum green not satisfied (8.0s < 10.0s)
80.0,J4,1,0,4,J4_E5,0.0,NORMAL,3.9,False,INACTIVE,False,HOLD,clearance phase active
81.0,J1,0,14,1,J1_J2,0.0,NORMAL,4.4,False,INACTIVE,False,KEEP_GREEN,minimum green not satisfied (0.0s < 10.0s)
81.0,J2,0,0,0,J2_J3,0.212,NORMAL,0.0,False,INACTIVE,False,KEEP_GREEN,main demand below threshold
81.0,J3,0,0,1,J3_J4,0.102,NORMAL,5.6,False,INACTIVE,False,KEEP_GREEN,minimum green not satisfied (9.0s < 10.0s)
81.0,J4,1,0,4,J4_E5,0.0,NORMAL,4.7,False,INACTIVE,False,HOLD,clearance phase active
82.0,J1,0,12,2,J1_J2,0.0,NORMAL,4.6,False,INACTIVE,False,KEEP_GREEN,minimum green not satisfied (1.0s < 10.0s)
82.0,J2,0,0,0,J2_J3,0.212,NORMAL,0.0,False,INACTIVE,False,KEEP_GREEN,main demand below threshold
82.0,J3,0,0,1,J3_J4,0.102,NORMAL,6.4,False,INACTIVE,False,START_TRANSITION,main queue empty and cross queue waiting (1)
82.0,J4,1,0,4,J4_E5,0.0,NORMAL,5.5,False,INACTIVE,False,HOLD,clearance phase active
83.0,J1,0,11,2,J1_J2,0.0,NORMAL,5.4,False,INACTIVE,False,KEEP_GREEN,minimum green not satisfied (2.0s < 10.0s)
83.0,J2,0,0,0,J2_J3,0.212,NORMAL,0.0,False,INACTIVE,False,KEEP_GREEN,main demand below threshold
83.0,J3,1,0,1,J3_J4,0.102,NORMAL,7.2,False,INACTIVE,False,HOLD,clearance phase active
83.0,J4,2,0,4,J4_E5,0.0,NORMAL,6.3,False,INACTIVE,False,HOLD,clearance phase active
84.0,J1,0,9,2,J1_J2,0.02,NORMAL,6.2,False,INACTIVE,False,KEEP_GREEN,minimum green not satisfied (3.0s < 10.0s)
84.0,J2,0,0,0,J2_J3,0.212,NORMAL,0.0,False,INACTIVE,False,KEEP_GREEN,main demand below threshold
84.0,J3,1,0,1,J3_J4,0.102,NORMAL,8.0,False,INACTIVE,False,HOLD,clearance phase active
84.0,J4,2,0,4,J4_E5,0.0,NORMAL,7.1,False,INACTIVE,False,HOLD,clearance phase active
85.0,J1,0,8,2,J1_J2,0.02,NORMAL,7.0,False,INACTIVE,False,KEEP_GREEN,minimum green not satisfied (4.0s < 10.0s)
85.0,J2,0,0,0,J2_J3,0.212,NORMAL,0.0,False,INACTIVE,False,KEEP_GREEN,main demand below threshold
85.0,J3,1,0,1,J3_J4,0.102,NORMAL,8.8,False,INACTIVE,False,HOLD,clearance phase active
85.0,J4,3,0,2,J4_E5,0.0,NORMAL,6.0,False,INACTIVE,False,KEEP_GREEN,minimum green not satisfied (0.0s < 10.0s)
86.0,J1,0,7,2,J1_J2,0.078,NORMAL,7.8,False,INACTIVE,False,KEEP_GREEN,minimum green not satisfied (5.0s < 10.0s)
86.0,J2,0,0,0,J2_J3,0.212,NORMAL,0.0,False,INACTIVE,False,KEEP_GREEN,main demand below threshold
86.0,J3,2,0,1,J3_J4,0.102,NORMAL,9.6,False,INACTIVE,False,HOLD,clearance phase active
86.0,J4,3,0,0,J4_E5,0.0,NORMAL,0.0,False,INACTIVE,False,KEEP_GREEN,minimum green not satisfied (1.0s < 10.0s)
87.0,J1,0,6,2,J1_J2,0.078,NORMAL,8.6,False,INACTIVE,False,KEEP_GREEN,minimum green not satisfied (6.0s < 10.0s)
87.0,J2,0,0,0,J2_J3,0.212,NORMAL,0.0,False,INACTIVE,False,KEEP_GREEN,main demand below threshold
87.0,J3,2,0,1,J3_J4,0.102,NORMAL,10.4,False,INACTIVE,False,HOLD,clearance phase active
87.0,J4,3,0,0,J4_E5,0.0,NORMAL,0.0,False,INACTIVE,False,KEEP_GREEN,minimum green not satisfied (2.0s < 10.0s)
88.0,J1,0,5,3,J1_J2,0.097,NORMAL,8.4,False,INACTIVE,False,KEEP_GREEN,minimum green not satisfied (7.0s < 10.0s)
88.0,J2,0,0,0,J2_J3,0.212,NORMAL,0.0,False,INACTIVE,False,KEEP_GREEN,main demand below threshold
88.0,J3,3,0,0,J3_J4,0.102,NORMAL,0.0,False,INACTIVE,False,KEEP_GREEN,minimum green not satisfied (0.0s < 10.0s)
88.0,J4,3,0,0,J4_E5,0.0,NORMAL,0.0,False,INACTIVE,False,KEEP_GREEN,minimum green not satisfied (3.0s < 10.0s)
89.0,J1,0,4,3,J1_J2,0.116,NORMAL,9.2,False,INACTIVE,False,KEEP_GREEN,minimum green not satisfied (8.0s < 10.0s)
89.0,J2,0,0,1,J2_J3,0.212,NORMAL,0.8,False,INACTIVE,False,START_TRANSITION,main queue empty and cross queue waiting (1)
89.0,J3,3,0,0,J3_J4,0.102,NORMAL,0.0,False,INACTIVE,False,KEEP_GREEN,minimum green not satisfied (1.0s < 10.0s)
89.0,J4,3,0,0,J4_E5,0.0,NORMAL,0.0,False,INACTIVE,False,KEEP_GREEN,minimum green not satisfied (4.0s < 10.0s)
90.0,J1,0,2,3,J1_J2,0.135,NORMAL,9.2,False,INACTIVE,False,KEEP_GREEN,minimum green not satisfied (9.0s < 10.0s)
90.0,J2,1,0,1,J2_J3,0.212,NORMAL,1.6,False,INACTIVE,False,HOLD,clearance phase active
90.0,J3,3,0,0,J3_J4,0.102,NORMAL,0.0,False,INACTIVE,False,KEEP_GREEN,minimum green not satisfied (2.0s < 10.0s)
90.0,J4,3,0,0,J4_E5,0.0,NORMAL,0.0,False,INACTIVE,False,KEEP_GREEN,minimum green not satisfied (5.0s < 10.0s)
91.0,J1,0,2,4,J1_J2,0.154,NORMAL,9.44,False,INACTIVE,False,START_TRANSITION,cross queue (4) exceeds main queue (2)
91.0,J2,1,0,1,J2_J3,0.212,NORMAL,1.8,False,INACTIVE,False,HOLD,clearance phase active
91.0,J3,3,2,0,J3_J4,0.102,NORMAL,0.0,False,INACTIVE,False,KEEP_GREEN,minimum green not satisfied (3.0s < 10.0s)
91.0,J4,3,0,0,J4_E5,0.0,NORMAL,0.0,False,INACTIVE,False,KEEP_GREEN,minimum green not satisfied (6.0s < 10.0s)
92.0,J1,1,2,5,J1_J2,0.173,NORMAL,10.24,False,INACTIVE,False,HOLD,clearance phase active
92.0,J2,1,0,1,J2_J3,0.212,NORMAL,2.4,False,INACTIVE,False,HOLD,clearance phase active
92.0,J3,3,3,0,J3_J4,0.102,NORMAL,0.0,False,INACTIVE,False,KEEP_GREEN,minimum green not satisfied (4.0s < 10.0s)
92.0,J4,3,0,0,J4_E5,0.0,NORMAL,0.0,False,INACTIVE,False,KEEP_GREEN,minimum green not satisfied (7.0s < 10.0s)
93.0,J1,1,1,5,J1_J2,0.173,NORMAL,11.04,False,INACTIVE,False,HOLD,clearance phase active
93.0,J2,2,0,2,J2_J3,0.212,NORMAL,3.2,False,INACTIVE,False,HOLD,clearance phase active
93.0,J3,3,5,0,J3_J4,0.102,NORMAL,0.0,False,INACTIVE,False,KEEP_GREEN,minimum green not satisfied (5.0s < 10.0s)
93.0,J4,3,1,0,J4_E5,0.0,NORMAL,0.0,False,INACTIVE,False,KEEP_GREEN,minimum green not satisfied (8.0s < 10.0s)
94.0,J1,1,1,5,J1_J2,0.173,NORMAL,11.84,False,INACTIVE,False,HOLD,clearance phase active
94.0,J2,2,0,2,J2_J3,0.212,NORMAL,4.0,False,INACTIVE,False,HOLD,clearance phase active
94.0,J3,3,6,0,J3_J4,0.102,NORMAL,0.0,False,INACTIVE,False,KEEP_GREEN,minimum green not satisfied (6.0s < 10.0s)
94.0,J4,3,2,0,J4_E5,0.0,NORMAL,0.0,False,INACTIVE,False,KEEP_GREEN,minimum green not satisfied (9.0s < 10.0s)
95.0,J1,2,1,5,J1_J2,0.173,NORMAL,12.64,False,INACTIVE,False,HOLD,clearance phase active
95.0,J2,3,1,0,J2_J3,0.212,NORMAL,0.0,False,INACTIVE,False,KEEP_GREEN,minimum green not satisfied (0.0s < 10.0s)
95.0,J3,3,8,0,J3_J4,0.102,NORMAL,0.0,False,INACTIVE,False,KEEP_GREEN,minimum green not satisfied (7.0s < 10.0s)
95.0,J4,3,3,0,J4_E5,0.0,NORMAL,0.0,False,INACTIVE,False,START_TRANSITION,main queue (3) exceeds cross queue (0)
96.0,J1,2,2,5,J1_J2,0.173,NORMAL,13.44,False,INACTIVE,False,HOLD,clearance phase active
96.0,J2,3,1,0,J2_J3,0.212,NORMAL,0.0,False,INACTIVE,False,KEEP_GREEN,minimum green not satisfied (1.0s < 10.0s)
96.0,J3,3,8,0,J3_J4,0.102,NORMAL,0.0,False,INACTIVE,False,KEEP_GREEN,minimum green not satisfied (8.0s < 10.0s)
96.0,J4,4,3,0,J4_E5,0.0,NORMAL,0.0,False,INACTIVE,False,HOLD,clearance phase active
97.0,J1,3,3,3,J1_J2,0.173,NORMAL,10.27,False,INACTIVE,False,KEEP_GREEN,minimum green not satisfied (0.0s < 10.0s)
97.0,J2,3,1,0,J2_J3,0.212,NORMAL,0.0,False,INACTIVE,False,KEEP_GREEN,minimum green not satisfied (2.0s < 10.0s)
97.0,J3,3,9,0,J3_J4,0.102,NORMAL,0.0,False,INACTIVE,False,KEEP_GREEN,minimum green not satisfied (9.0s < 10.0s)
97.0,J4,4,5,0,J4_E5,0.0,NORMAL,0.0,False,INACTIVE,False,HOLD,clearance phase active
98.0,J1,3,5,2,J1_J2,0.173,NORMAL,6.2,False,INACTIVE,False,KEEP_GREEN,minimum green not satisfied (1.0s < 10.0s)
98.0,J2,3,1,0,J2_J3,0.212,NORMAL,0.0,False,INACTIVE,False,KEEP_GREEN,minimum green not satisfied (3.0s < 10.0s)
98.0,J3,3,11,0,J3_J4,0.102,NORMAL,0.0,False,INACTIVE,False,START_TRANSITION,main queue (11) exceeds cross queue (0)
98.0,J4,4,5,0,J4_E5,0.0,NORMAL,0.0,False,INACTIVE,False,HOLD,clearance phase active
99.0,J1,3,5,1,J1_J2,0.173,NORMAL,6.4,False,INACTIVE,False,KEEP_GREEN,minimum green not satisfied (2.0s < 10.0s)
99.0,J2,3,1,0,J2_J3,0.212,NORMAL,0.0,False,INACTIVE,False,KEEP_GREEN,minimum green not satisfied (4.0s < 10.0s)
99.0,J3,4,11,0,J3_J4,0.102,NORMAL,0.0,False,INACTIVE,False,HOLD,clearance phase active
99.0,J4,5,6,0,J4_E5,0.0,NORMAL,0.0,False,INACTIVE,False,HOLD,clearance phase active
100.0,J1,3,8,0,J1_J2,0.173,NORMAL,0.0,False,INACTIVE,False,KEEP_GREEN,minimum green not satisfied (3.0s < 10.0s)
100.0,J2,3,2,0,J2_J3,0.212,NORMAL,0.0,False,INACTIVE,False,KEEP_GREEN,minimum green not satisfied (5.0s < 10.0s)
100.0,J3,4,12,0,J3_J4,0.102,NORMAL,0.0,False,INACTIVE,False,HOLD,clearance phase active
100.0,J4,5,6,0,J4_E5,0.0,NORMAL,0.0,False,INACTIVE,False,HOLD,clearance phase active
101.0,J1,3,9,0,J1_J2,0.173,NORMAL,0.0,False,INACTIVE,False,KEEP_GREEN,minimum green not satisfied (4.0s < 10.0s)
101.0,J2,3,2,0,J2_J3,0.212,NORMAL,0.0,False,INACTIVE,False,KEEP_GREEN,minimum green not satisfied (6.0s < 10.0s)
101.0,J3,4,12,0,J3_J4,0.061,NORMAL,0.0,False,INACTIVE,False,HOLD,clearance phase active
101.0,J4,0,3,0,J4_E5,0.0,NORMAL,0.0,False,INACTIVE,False,KEEP_GREEN,minimum green not satisfied (0.0s < 10.0s)
102.0,J1,3,10,0,J1_J2,0.173,NORMAL,0.0,False,INACTIVE,False,KEEP_GREEN,minimum green not satisfied (5.0s < 10.0s)
102.0,J2,3,2,0,J2_J3,0.212,NORMAL,0.0,False,INACTIVE,False,KEEP_GREEN,minimum green not satisfied (7.0s < 10.0s)
102.0,J3,5,12,0,J3_J4,0.061,NORMAL,0.0,False,INACTIVE,False,HOLD,clearance phase active
102.0,J4,0,1,0,J4_E5,0.0,NORMAL,0.0,False,INACTIVE,False,KEEP_GREEN,minimum green not satisfied (1.0s < 10.0s)
103.0,J1,3,12,0,J1_J2,0.173,NORMAL,0.0,False,INACTIVE,False,KEEP_GREEN,minimum green not satisfied (6.0s < 10.0s)
103.0,J2,3,3,0,J2_J3,0.212,NORMAL,0.0,False,INACTIVE,False,KEEP_GREEN,minimum green not satisfied (8.0s < 10.0s)
103.0,J3,5,13,0,J3_J4,0.061,NORMAL,0.0,False,INACTIVE,False,HOLD,clearance phase active
103.0,J4,0,0,0,J4_E5,0.0,NORMAL,0.0,False,INACTIVE,False,KEEP_GREEN,minimum green not satisfied (2.0s < 10.0s)
104.0,J1,3,13,0,J1_J2,0.173,NORMAL,0.0,False,INACTIVE,False,KEEP_GREEN,minimum green not satisfied (7.0s < 10.0s)
104.0,J2,3,3,0,J2_J3,0.174,NORMAL,0.0,False,INACTIVE,False,KEEP_GREEN,minimum green not satisfied (9.0s < 10.0s)
104.0,J3,0,9,0,J3_J4,0.041,NORMAL,0.0,False,INACTIVE,False,KEEP_GREEN,minimum green not satisfied (0.0s < 10.0s)
104.0,J4,0,0,0,J4_E5,0.039,NORMAL,0.0,False,INACTIVE,False,KEEP_GREEN,minimum green not satisfied (3.0s < 10.0s)
105.0,J1,3,14,0,J1_J2,0.173,NORMAL,0.0,False,INACTIVE,False,KEEP_GREEN,minimum green not satisfied (8.0s < 10.0s)
105.0,J2,3,4,0,J2_J3,0.174,NORMAL,0.0,False,INACTIVE,False,START_TRANSITION,main queue (4) exceeds cross queue (0)
105.0,J3,0,5,0,J3_J4,0.02,NORMAL,0.0,False,INACTIVE,False,KEEP_GREEN,minimum green not satisfied (1.0s < 10.0s)
105.0,J4,0,0,0,J4_E5,0.039,NORMAL,0.0,False,INACTIVE,False,KEEP_GREEN,minimum green not satisfied (4.0s < 10.0s)
106.0,J1,3,16,0,J1_J2,0.173,NORMAL,0.0,False,INACTIVE,False,KEEP_GREEN,minimum green not satisfied (9.0s < 10.0s)
106.0,J2,4,5,0,J2_J3,0.174,NORMAL,0.0,False,INACTIVE,False,HOLD,clearance phase active
106.0,J3,0,3,0,J3_J4,0.02,NORMAL,0.0,False,INACTIVE,False,KEEP_GREEN,minimum green not satisfied (2.0s < 10.0s)
106.0,J4,0,0,0,J4_E5,0.059,NORMAL,0.0,False,INACTIVE,False,KEEP_GREEN,minimum green not satisfied (5.0s < 10.0s)
107.0,J1,3,17,0,J1_J2,0.173,NORMAL,0.0,False,INACTIVE,False,START_TRANSITION,main queue (17) exceeds cross queue (0)
107.0,J2,4,6,0,J2_J3,0.155,NORMAL,0.0,False,INACTIVE,False,HOLD,clearance phase active
107.0,J3,0,1,0,J3_J4,0.041,NORMAL,0.0,False,INACTIVE,False,KEEP_GREEN,minimum green not satisfied (3.0s < 10.0s)
107.0,J4,0,0,0,J4_E5,0.078,NORMAL,0.0,False,INACTIVE,False,KEEP_GREEN,minimum green not satisfied (6.0s < 10.0s)
108.0,J1,4,18,0,J1_J2,0.173,NORMAL,0.0,False,INACTIVE,False,HOLD,clearance phase active
108.0,J2,4,6,0,J2_J3,0.116,NORMAL,0.0,False,INACTIVE,False,HOLD,clearance phase active
108.0,J3,0,0,1,J3_J4,0.041,NORMAL,0.8,False,INACTIVE,False,KEEP_GREEN,minimum green not satisfied (4.0s < 10.0s)
108.0,J4,0,0,0,J4_E5,0.098,NORMAL,0.0,False,INACTIVE,False,KEEP_GREEN,minimum green not satisfied (7.0s < 10.0s)
109.0,J1,4,20,0,J1_J2,0.173,NORMAL,0.0,False,INACTIVE,False,HOLD,clearance phase active
109.0,J2,5,8,1,J2_J3,0.097,NORMAL,0.8,False,INACTIVE,False,HOLD,clearance phase active
109.0,J3,0,0,1,J3_J4,0.061,NORMAL,1.6,False,INACTIVE,False,KEEP_GREEN,minimum green not satisfied (5.0s < 10.0s)
109.0,J4,0,0,0,J4_E5,0.098,NORMAL,0.0,False,INACTIVE,False,KEEP_GREEN,minimum green not satisfied (8.0s < 10.0s)
110.0,J1,4,22,0,J1_J2,0.173,NORMAL,0.0,False,INACTIVE,False,HOLD,clearance phase active
110.0,J2,5,8,1,J2_J3,0.097,NORMAL,1.6,False,INACTIVE,False,HOLD,clearance phase active
110.0,J3,0,0,1,J3_J4,0.061,NORMAL,2.4,False,INACTIVE,False,KEEP_GREEN,minimum green not satisfied (6.0s < 10.0s)
110.0,J4,0,0,0,J4_E5,0.098,NORMAL,0.0,False,INACTIVE,False,KEEP_GREEN,minimum green not satisfied (9.0s < 10.0s)
111.0,J1,5,25,1,J1_J2,0.134,NORMAL,0.6,False,INACTIVE,False,HOLD,clearance phase active
111.0,J2,0,5,1,J2_J3,0.078,NORMAL,4.4,False,INACTIVE,False,KEEP_GREEN,minimum green not satisfied (0.0s < 10.0s)
111.0,J3,0,0,1,J3_J4,0.114,NORMAL,3.2,False,INACTIVE,False,KEEP_GREEN,minimum green not satisfied (7.0s < 10.0s)
111.0,J4,0,0,0,J4_E5,0.098,NORMAL,0.0,False,INACTIVE,False,KEEP_GREEN,main demand below threshold
112.0,J1,5,25,2,J1_J2,0.134,NORMAL,1.4,False,INACTIVE,False,HOLD,clearance phase active
112.0,J2,0,4,1,J2_J3,0.058,NORMAL,5.2,False,INACTIVE,False,KEEP_GREEN,minimum green not satisfied (1.0s < 10.0s)
112.0,J3,0,0,1,J3_J4,0.114,NORMAL,3.0,False,INACTIVE,False,KEEP_GREEN,minimum green not satisfied (8.0s < 10.0s)
112.0,J4,0,0,0,J4_E5,0.098,NORMAL,0.0,False,INACTIVE,False,KEEP_GREEN,main demand below threshold
113.0,J1,0,22,2,J1_J2,0.134,NORMAL,4.2,False,INACTIVE,False,KEEP_GREEN,minimum green not satisfied (0.0s < 10.0s)
113.0,J2,0,2,1,J2_J3,0.058,NORMAL,6.0,False,INACTIVE,False,KEEP_GREEN,minimum green not satisfied (2.0s < 10.0s)
113.0,J3,0,0,2,J3_J4,0.134,NORMAL,3.8,False,INACTIVE,False,KEEP_GREEN,minimum green not satisfied (9.0s < 10.0s)
113.0,J4,0,0,0,J4_E5,0.098,NORMAL,0.0,False,INACTIVE,False,KEEP_GREEN,main demand below threshold
114.0,J1,0,22,2,J1_J2,0.096,NORMAL,5.0,False,INACTIVE,False,KEEP_GREEN,minimum green not satisfied (1.0s < 10.0s)
114.0,J2,0,0,1,J2_J3,0.097,NORMAL,6.8,False,INACTIVE,False,KEEP_GREEN,minimum green not satisfied (3.0s < 10.0s)
114.0,J3,0,0,2,J3_J4,0.154,NORMAL,4.6,False,INACTIVE,False,START_TRANSITION,main queue empty and cross queue waiting (2)
114.0,J4,0,0,0,J4_E5,0.098,NORMAL,0.0,False,INACTIVE,False,KEEP_GREEN,main demand below threshold
115.0,J1,0,21,2,J1_J2,0.096,NORMAL,5.8,False,INACTIVE,False,KEEP_GREEN,minimum green not satisfied (2.0s < 10.0s)
115.0,J2,0,0,1,J2_J3,0.078,NORMAL,6.2,False,INACTIVE,False,KEEP_GREEN,minimum green not satisfied (4.0s < 10.0s)
115.0,J3,1,0,2,J3_J4,0.154,NORMAL,5.4,False,INACTIVE,False,HOLD,clearance phase active
115.0,J4,0,0,1,J4_E5,0.098,NORMAL,0.8,False,INACTIVE,False,START_TRANSITION,main queue empty and cross queue waiting (1)
116.0,J1,0,19,2,J1_J2,0.096,NORMAL,6.6,False,INACTIVE,False,KEEP_GREEN,minimum green not satisfied (3.0s < 10.0s)
116.0,J2,0,0,2,J2_J3,0.116,NORMAL,7.0,False,INACTIVE,False,KEEP_GREEN,minimum green not satisfied (5.0s < 10.0s)
116.0,J3,1,0,2,J3_J4,0.173,NORMAL,6.2,False,INACTIVE,False,HOLD,clearance phase active
116.0,J4,1,0,1,J4_E5,0.098,NORMAL,1.2,False,INACTIVE,False,HOLD,clearance phase active
117.0,J1,0,18,2,J1_J2,0.096,NORMAL,7.4,False,INACTIVE,False,KEEP_GREEN,minimum green not satisfied (4.0s < 10.0s)
117.0,J2,0,0,2,J2_J3,0.116,NORMAL,7.8,False,INACTIVE,False,KEEP_GREEN,minimum green not satisfied (6.0s < 10.0s)
117.0,J3,1,0,2,J3_J4,0.173,NORMAL,6.0,False,INACTIVE,False,HOLD,clearance phase active
117.0,J4,1,0,2,J4_E5,0.098,NORMAL,2.0,False,INACTIVE,False,HOLD,clearance phase active
118.0,J1,0,17,3,J1_J2,0.096,NORMAL,7.33,False,INACTIVE,False,KEEP_GREEN,minimum green not satisfied (5.0s < 10.0s)
118.0,J2,0,0,3,J2_J3,0.136,NORMAL,7.4,False,INACTIVE,False,KEEP_GREEN,minimum green not satisfied (7.0s < 10.0s)
118.0,J3,2,0,2,J3_J4,0.173,NORMAL,6.67,False,INACTIVE,False,HOLD,clearance phase active
118.0,J4,1,0,2,J4_E5,0.098,NORMAL,2.8,False,INACTIVE,False,HOLD,clearance phase active
119.0,J1,0,16,3,J1_J2,0.096,NORMAL,7.5,False,INACTIVE,False,KEEP_GREEN,minimum green not satisfied (6.0s < 10.0s)
119.0,J2,0,0,3,J2_J3,0.136,NORMAL,8.1,False,INACTIVE,False,KEEP_GREEN,minimum green not satisfied (8.0s < 10.0s)
119.0,J3,2,2,3,J3_J4,0.173,NORMAL,7.47,False,INACTIVE,False,HOLD,clearance phase active
119.0,J4,2,0,3,J4_E5,0.098,NORMAL,3.2,False,INACTIVE,False,HOLD,clearance phase active
120.0,J1,0,16,4,J1_J2,0.115,NORMAL,8.3,False,INACTIVE,False,KEEP_GREEN,minimum green not satisfied (7.0s < 10.0s)
120.0,J2,0,0,4,J2_J3,0.155,NORMAL,8.9,False,INACTIVE,False,KEEP_GREEN,minimum green not satisfied (9.0s < 10.0s)
120.0,J3,3,2,1,J3_J4,0.173,NORMAL,1.6,False,INACTIVE,False,KEEP_GREEN,minimum green not satisfied (0.0s < 10.0s)
120.0,J4,2,0,3,J4_E5,0.098,NORMAL,3.6,False,INACTIVE,False,HOLD,clearance phase active
121.0,J1,0,14,4,J1_J2,0.096,NORMAL,9.1,False,INACTIVE,False,KEEP_GREEN,minimum green not satisfied (8.0s < 10.0s)
121.0,J2,0,0,4,J2_J3,0.194,NORMAL,9.7,False,INACTIVE,False,START_TRANSITION,cross queue (4) exceeds main queue (0)
121.0,J3,3,2,0,J3_J4,0.173,NORMAL,0.0,False,INACTIVE,False,KEEP_GREEN,minimum green not satisfied (1.0s < 10.0s)
121.0,J4,3,0,2,J4_E5,0.078,NORMAL,2.0,False,INACTIVE,False,KEEP_GREEN,minimum green not satisfied (0.0s < 10.0s)
122.0,J1,0,14,4,J1_J2,0.115,NORMAL,9.9,False,INACTIVE,False,KEEP_GREEN,minimum green not satisfied (9.0s < 10.0s)
122.0,J2,1,0,4,J2_J3,0.213,NORMAL,9.92,False,INACTIVE,False,HOLD,clearance phase active
122.0,J3,3,3,0,J3_J4,0.173,NORMAL,0.0,False,INACTIVE,False,KEEP_GREEN,minimum green not satisfied (2.0s < 10.0s)
122.0,J4,3,0,1,J4_E5,0.059,NORMAL,1.6,False,INACTIVE,False,KEEP_GREEN,minimum green not satisfied (1.0s < 10.0s)
123.0,J1,0,13,4,J1_J2,0.115,NORMAL,10.7,False,INACTIVE,False,EXTEND_GREEN,"high main queue (13), extending green"
123.0,J2,1,0,5,J2_J3,0.213,NORMAL,10.72,False,INACTIVE,False,HOLD,clearance phase active
123.0,J3,3,3,0,J3_J4,0.173,NORMAL,0.0,False,INACTIVE,False,KEEP_GREEN,minimum green not satisfied (3.0s < 10.0s)
123.0,J4,3,1,0,J4_E5,0.039,NORMAL,0.0,False,INACTIVE,False,KEEP_GREEN,minimum green not satisfied (2.0s < 10.0s)
124.0,J1,0,12,4,J1_J2,0.193,NORMAL,11.5,False,INACTIVE,False,EXTEND_GREEN,"high main queue (12), extending green"
124.0,J2,1,0,5,J2_J3,0.213,NORMAL,11.52,False,INACTIVE,False,HOLD,clearance phase active
124.0,J3,3,4,0,J3_J4,0.173,NORMAL,0.0,False,INACTIVE,False,KEEP_GREEN,minimum green not satisfied (4.0s < 10.0s)
124.0,J4,3,1,0,J4_E5,0.02,NORMAL,0.0,False,INACTIVE,False,KEEP_GREEN,minimum green not satisfied (3.0s < 10.0s)
125.0,J1,0,11,4,J1_J2,0.193,NORMAL,12.3,False,INACTIVE,False,EXTEND_GREEN,"high main queue (11), extending green"
125.0,J2,2,0,6,J2_J3,0.213,NORMAL,11.8,False,INACTIVE,False,HOLD,clearance phase active
125.0,J3,3,5,0,J3_J4,0.173,NORMAL,0.0,False,INACTIVE,False,KEEP_GREEN,minimum green not satisfied (5.0s < 10.0s)
125.0,J4,3,2,0,J4_E5,0.0,NORMAL,0.0,False,INACTIVE,False,KEEP_GREEN,minimum green not satisfied (4.0s < 10.0s)
126.0,J1,0,9,4,J1_J2,0.193,NORMAL,13.1,False,INACTIVE,False,EXTEND_GREEN,"high main queue (9), extending green"
126.0,J2,2,0,6,J2_J3,0.213,NORMAL,12.6,False,INACTIVE,False,HOLD,clearance phase active
126.0,J3,3,5,0,J3_J4,0.173,NORMAL,0.0,False,INACTIVE,False,KEEP_GREEN,minimum green not satisfied (6.0s < 10.0s)
126.0,J4,3,3,0,J4_E5,0.0,NORMAL,0.0,False,INACTIVE,False,KEEP_GREEN,minimum green not satisfied (5.0s < 10.0s)
127.0,J1,0,8,4,J1_J2,0.231,NORMAL,13.9,False,INACTIVE,False,EXTEND_GREEN,"high main queue (8), extending green"
127.0,J2,3,0,4,J2_J3,0.213,NORMAL,6.6,False,INACTIVE,False,KEEP_GREEN,minimum green not satisfied (0.0s < 10.0s)
127.0,J3,3,6,0,J3_J4,0.173,NORMAL,0.0,False,INACTIVE,False,KEEP_GREEN,minimum green not satisfied (7.0s < 10.0s)
127.0,J4,3,3,0,J4_E5,0.0,NORMAL,0.0,False,INACTIVE,False,KEEP_GREEN,minimum green not satisfied (6.0s < 10.0s)
128.0,J1,0,6,4,J1_J2,0.25,NORMAL,13.6,False,INACTIVE,False,EXTEND_GREEN,"high main queue (6), extending green"
128.0,J2,3,1,2,J2_J3,0.213,NORMAL,4.4,False,INACTIVE,False,KEEP_GREEN,minimum green not satisfied (1.0s < 10.0s)
128.0,J3,3,7,0,J3_J4,0.173,NORMAL,0.0,False,INACTIVE,False,KEEP_GREEN,minimum green not satisfied (8.0s < 10.0s)
128.0,J4,3,4,0,J4_E5,0.0,NORMAL,0.0,False,INACTIVE,False,KEEP_GREEN,minimum green not satisfied (7.0s < 10.0s)
129.0,J1,0,6,5,J1_J2,0.269,NORMAL,14.4,False,INACTIVE,False,EXTEND_GREEN,"high main queue (6), extending green"
129.0,J2,3,1,0,J2_J3,0.213,NORMAL,0.0,False,INACTIVE,False,KEEP_GREEN,minimum green not satisfied (2.0s < 10.0s)
129.0,J3,3,7,0,J3_J4,0.173,NORMAL,0.0,False,INACTIVE,False,KEEP_GREEN,minimum green not satisfied (9.0s < 10.0s)
129.0,J4,3,5,0,J4_E5,0.0,NORMAL,0.0,False,INACTIVE,False,KEEP_GREEN,minimum green not satisfied (8.0s < 10.0s)
130.0,J1,0,6,5,J1_J2,0.289,NORMAL,15.2,False,INACTIVE,False,EXTEND_GREEN,"high main queue (6), extending green"
130.0,J2,3,1,0,J2_J3,0.213,NORMAL,0.0,False,INACTIVE,False,KEEP_GREEN,minimum green not satisfied (3.0s < 10.0s)
130.0,J3,3,7,0,J3_J4,0.173,NORMAL,0.0,False,INACTIVE,False,START_TRANSITION,main queue (7) exceeds cross queue (0)
130.0,J4,3,6,0,J4_E5,0.0,NORMAL,0.0,False,INACTIVE,False,KEEP_GREEN,minimum green not satisfied (9.0s < 10.0s)
131.0,J1,0,4,5,J1_J2,0.307,NORMAL,16.0,False,INACTIVE,False,START_TRANSITION,cross queue (5) exceeds main queue (4)
131.0,J2,3,1,0,J2_J3,0.213,NORMAL,0.0,False,INACTIVE,False,KEEP_GREEN,minimum green not satisfied (4.0s < 10.0s)
131.0,J3,4,8,0,J3_J4,0.173,NORMAL,0.0,False,INACTIVE,False,HOLD,clearance phase active
131.0,J4,3,8,0,J4_E5,0.0,NORMAL,0.0,False,INACTIVE,False,START_TRANSITION,main queue (8) exceeds cross queue (0)
132.0,J1,1,2,5,J1_J2,0.346,NORMAL,16.8,False,INACTIVE,False,HOLD,clearance phase active
132.0,J2,3,2,0,J2_J3,0.213,NORMAL,0.0,False,INACTIVE,False,KEEP_GREEN,minimum green not satisfied (5.0s < 10.0s)
132.0,J3,4,9,0,J3_J4,0.173,NORMAL,0.0,False,INACTIVE,False,HOLD,clearance phase active
132.0,J4,4,8,0,J4_E5,0.0,NORMAL,0.0,False,INACTIVE,False,HOLD,clearance phase active
133.0,J1,1,2,5,J1_J2,0.346,NORMAL,17.6,False,INACTIVE,False,HOLD,clearance phase active
133.0,J2,3,2,0,J2_J3,0.213,NORMAL,0.0,False,INACTIVE,False,KEEP_GREEN,minimum green not satisfied (6.0s < 10.0s)
133.0,J3,4,10,0,J3_J4,0.173,NORMAL,0.0,False,INACTIVE,False,HOLD,clearance phase active
133.0,J4,4,10,0,J4_E5,0.0,NORMAL,0.0,False,INACTIVE,False,HOLD,clearance phase active
134.0,J1,1,0,5,J1_J2,0.346,NORMAL,18.4,False,INACTIVE,False,HOLD,clearance phase active
134.0,J2,3,2,0,J2_J3,0.213,NORMAL,0.0,False,INACTIVE,False,KEEP_GREEN,minimum green not satisfied (7.0s < 10.0s)
134.0,J3,5,11,0,J3_J4,0.173,NORMAL,0.0,False,INACTIVE,False,HOLD,clearance phase active
134.0,J4,4,10,0,J4_E5,0.0,NORMAL,0.0,False,INACTIVE,False,HOLD,clearance phase active
135.0,J1,2,1,5,J1_J2,0.346,NORMAL,19.2,False,INACTIVE,False,HOLD,clearance phase active
135.0,J2,3,3,0,J2_J3,0.213,NORMAL,0.0,False,INACTIVE,False,KEEP_GREEN,minimum green not satisfied (8.0s < 10.0s)
135.0,J3,5,12,0,J3_J4,0.173,NORMAL,0.0,False,INACTIVE,False,HOLD,clearance phase active
135.0,J4,5,11,0,J4_E5,0.0,NORMAL,0.0,False,INACTIVE,False,HOLD,clearance phase active
136.0,J1,2,2,5,J1_J2,0.346,NORMAL,18.73,False,INACTIVE,False,HOLD,clearance phase active
136.0,J2,3,4,0,J2_J3,0.193,NORMAL,0.0,False,INACTIVE,False,KEEP_GREEN,minimum green not satisfied (9.0s < 10.0s)
136.0,J3,0,8,0,J3_J4,0.173,NORMAL,0.0,False,INACTIVE,False,KEEP_GREEN,minimum green not satisfied (0.0s < 10.0s)
136.0,J4,5,11,0,J4_E5,0.0,NORMAL,0.0,False,INACTIVE,False,HOLD,clearance phase active
137.0,J1,3,4,3,J1_J2,0.346,NORMAL,12.7,False,INACTIVE,False,KEEP_GREEN,minimum green not satisfied (0.0s < 10.0s)
137.0,J2,3,5,0,J2_J3,0.154,NORMAL,0.0,False,INACTIVE,False,START_TRANSITION,main queue (5) exceeds cross queue (0)
137.0,J3,0,6,0,J3_J4,0.135,NORMAL,0.0,False,INACTIVE,False,KEEP_GREEN,minimum green not satisfied (1.0s < 10.0s)
137.0,J4,0,7,0,J4_E5,0.0,NORMAL,0.0,False,INACTIVE,False,KEEP_GREEN,minimum green not satisfied (0.0s < 10.0s)
138.0,J1,3,5,2,J1_J2,0.346,NORMAL,10.27,False,INACTIVE,False,KEEP_GREEN,minimum green not satisfied (1.0s < 10.0s)
138.0,J2,4,6,0,J2_J3,0.154,NORMAL,0.0,False,INACTIVE,False,HOLD,clearance phase active
138.0,J3,0,2,1,J3_J4,0.135,NORMAL,0.8,False,INACTIVE,False,KEEP_GREEN,minimum green not satisfied (2.0s < 10.0s)
138.0,J4,0,4,0,J4_E5,0.0,NORMAL,0.0,False,INACTIVE,False,KEEP_GREEN,minimum green not satisfied (1.0s < 10.0s)
139.0,J1,3,7,0,J1_J2,0.346,NORMAL,0.0,False,INACTIVE,False,KEEP_GREEN,minimum green not satisfied (2.0s < 10.0s)
139.0,J2,4,7,0,J2_J3,0.135,NORMAL,0.0,False,INACTIVE,False,HOLD,clearance phase active
139.0,J3,0,1,2,J3_J4,0.155,NORMAL,1.4,False,INACTIVE,False,KEEP_GREEN,minimum green not satisfied (3.0s < 10.0s)
139.0,J4,0,2,0,J4_E5,0.0,NORMAL,0.0,False,INACTIVE,False,KEEP_GREEN,minimum green not satisfied (2.0s < 10.0s)
140.0,J1,3,7,0,J1_J2,0.346,NORMAL,0.0,False,INACTIVE,False,KEEP_GREEN,minimum green not satisfied (3.0s < 10.0s)
140.0,J2,4,7,0,J2_J3,0.135,NORMAL,0.0,False,INACTIVE,False,HOLD,clearance phase active
140.0,J3,0,0,2,J3_J4,0.136,NORMAL,2.2,False,INACTIVE,False,KEEP_GREEN,minimum green not satisfied (4.0s < 10.0s)
140.0,J4,0,1,0,J4_E5,0.02,NORMAL,0.0,False,INACTIVE,False,KEEP_GREEN,minimum green not satisfied (3.0s < 10.0s)
141.0,J1,3,10,0,J1_J2,0.346,NORMAL,0.0,False,INACTIVE,False,KEEP_GREEN,minimum green not satisfied (4.0s < 10.0s)
141.0,J2,5,8,0,J2_J3,0.115,NORMAL,0.0,False,INACTIVE,False,HOLD,clearance phase active
141.0,J3,0,0,2,J3_J4,0.155,NORMAL,3.0,False,INACTIVE,False,KEEP_GREEN,minimum green not satisfied (5.0s < 10.0s)
141.0,J4,0,0,0,J4_E5,0.039,NORMAL,0.0,False,INACTIVE,False,KEEP_GREEN,minimum green not satisfied (4.0s < 10.0s)
142.0,J1,3,11,0,J1_J2,0.346,NORMAL,0.0,False,INACTIVE,False,KEEP_GREEN,minimum green not satisfied (5.0s < 10.0s)
142.0,J2,5,8,2,J2_J3,0.096,NORMAL,0.67,False,INACTIVE,False,HOLD,clearance phase active
142.0,J3,0,0,2,J3_J4,0.155,NORMAL,3.8,False,INACTIVE,False,KEEP_GREEN,minimum green not satisfied (6.0s < 10.0s)
142.0,J4,0,0,0,J4_E5,0.059,NORMAL,0.0,False,INACTIVE,False,KEEP_GREEN,minimum green not satisfied (5.0s < 10.0s)
143.0,J1,3,13,0,J1_J2,0.308,NORMAL,0.0,False,INACTIVE,False,KEEP_GREEN,minimum green not satisfied (6.0s < 10.0s)
143.0,J2,0,5,2,J2_J3,0.077,NORMAL,3.33,False,INACTIVE,False,KEEP_GREEN,minimum green not satisfied (0.0s < 10.0s)
143.0,J3,0,0,2,J3_J4,0.155,NORMAL,4.6,False,INACTIVE,False,KEEP_GREEN,minimum green not satisfied (7.0s < 10.0s)
143.0,J4,0,0,1,J4_E5,0.059,NORMAL,0.8,False,INACTIVE,False,KEEP_GREEN,minimum green not satisfied (6.0s < 10.0s)
144.0,J1,3,13,0,J1_J2,0.308,NORMAL,0.0,False,INACTIVE,False,KEEP_GREEN,minimum green not satisfied (7.0s < 10.0s)
144.0,J2,0,5,2,J2_J3,0.058,NORMAL,4.0,False,INACTIVE,False,KEEP_GREEN,minimum green not satisfied (1.0s < 10.0s)
144.0,J3,0,0,2,J3_J4,0.175,NORMAL,5.4,False,INACTIVE,False,KEEP_GREEN,minimum green not satisfied (8.0s < 10.0s)
144.0,J4,0,0,1,J4_E5,0.11,NORMAL,1.6,False,INACTIVE,False,KEEP_GREEN,minimum green not satisfied (7.0s < 10.0s)
145.0,J1,3,15,0,J1_J2,0.308,NORMAL,0.0,False,INACTIVE,False,KEEP_GREEN,minimum green not satisfied (8.0s < 10.0s)
145.0,J2,0,3,3,J2_J3,0.044,NORMAL,4.8,False,INACTIVE,False,KEEP_GREEN,minimum green not satisfied (2.0s < 10.0s)
145.0,J3,0,0,2,J3_J4,0.155,NORMAL,6.2,False,INACTIVE,False,KEEP_GREEN,minimum green not satisfied (9.0s < 10.0s)
145.0,J4,0,0,1,J4_E5,0.11,NORMAL,2.4,False,INACTIVE,False,KEEP_GREEN,minimum green not satisfied (8.0s < 10.0s)
146.0,J1,3,15,0,J1_J2,0.289,NORMAL,0.0,False,INACTIVE,False,KEEP_GREEN,minimum green not satisfied (9.0s < 10.0s)
146.0,J2,0,2,3,J2_J3,0.077,NORMAL,5.6,False,INACTIVE,False,KEEP_GREEN,minimum green not satisfied (3.0s < 10.0s)
146.0,J3,0,0,2,J3_J4,0.173,NORMAL,7.0,False,INACTIVE,False,START_TRANSITION,main queue empty and cross queue waiting (2)
146.0,J4,0,0,1,J4_E5,0.129,NORMAL,3.2,False,INACTIVE,False,KEEP_GREEN,minimum green not satisfied (9.0s < 10.0s)
147.0,J1,3,17,0,J1_J2,0.249,NORMAL,0.0,False,INACTIVE,False,START_TRANSITION,main queue (17) exceeds cross queue (0)
147.0,J2,0,1,3,J2_J3,0.041,NORMAL,6.4,False,INACTIVE,False,KEEP_GREEN,minimum green not satisfied (4.0s < 10.0s)
147.0,J3,1,0,2,J3_J4,0.173,NORMAL,7.8,False,INACTIVE,False,HOLD,clearance phase active
147.0,J4,0,0,1,J4_E5,0.148,NORMAL,4.0,False,INACTIVE,False,START_TRANSITION,main queue empty and cross queue waiting (1)
148.0,J1,4,19,0,J1_J2,0.249,NORMAL,0.0,False,INACTIVE,False,HOLD,clearance phase active
148.0,J2,0,0,3,J2_J3,0.061,NORMAL,7.2,False,INACTIVE,False,KEEP_GREEN,minimum green not satisfied (5.0s < 10.0s)
148.0,J3,1,0,2,J3_J4,0.213,NORMAL,8.6,False,INACTIVE,False,HOLD,clearance phase active
148.0,J4,1,0,1,J4_E5,0.166,NORMAL,4.8,False,INACTIVE,False,HOLD,clearance phase active
149.0,J1,4,20,0,J1_J2,0.231,NORMAL,0.0,False,INACTIVE,False,HOLD,clearance phase active
149.0,J2,0,0,3,J2_J3,0.061,NORMAL,8.0,False,INACTIVE,False,KEEP_GREEN,minimum green not satisfied (6.0s < 10.0s)
149.0,J3,1,0,2,J3_J4,0.213,NORMAL,9.4,False,INACTIVE,False,HOLD,clearance phase active
149.0,J4,1,0,1,J4_E5,0.166,NORMAL,5.6,False,INACTIVE,False,HOLD,clearance phase active
150.0,J1,4,21,0,J1_J2,0.231,NORMAL,0.0,False,INACTIVE,False,HOLD,clearance phase active
150.0,J2,0,0,3,J2_J3,0.115,NORMAL,8.8,False,INACTIVE,False,KEEP_GREEN,minimum green not satisfied (7.0s < 10.0s)
150.0,J3,2,0,3,J3_J4,0.213,NORMAL,8.67,False,INACTIVE,False,HOLD,clearance phase active
150.0,J4,1,0,1,J4_E5,0.166,NORMAL,6.4,False,INACTIVE,False,HOLD,clearance phase active
151.0,J1,5,21,1,J1_J2,0.231,NORMAL,0.6,False,INACTIVE,False,HOLD,clearance phase active
151.0,J2,0,0,3,J2_J3,0.115,NORMAL,9.6,False,INACTIVE,False,KEEP_GREEN,minimum green not satisfied (8.0s < 10.0s)
151.0,J3,2,0,3,J3_J4,0.213,NORMAL,9.47,False,INACTIVE,False,HOLD,clearance phase active
151.0,J4,2,0,1,J4_E5,0.166,NORMAL,7.2,False,INACTIVE,False,HOLD,clearance phase active
152.0,J1,5,23,2,J1_J2,0.163,NORMAL,1.4,False,INACTIVE,False,HOLD,clearance phase active
152.0,J2,0,0,3,J2_J3,0.115,NORMAL,9.4,False,INACTIVE,False,KEEP_GREEN,minimum green not satisfied (9.0s < 10.0s)
152.0,J3,3,0,2,J3_J4,0.213,NORMAL,2.0,False,INACTIVE,False,KEEP_GREEN,minimum green not satisfied (0.0s < 10.0s)
152.0,J4,2,0,1,J4_E5,0.166,NORMAL,8.0,False,INACTIVE,False,HOLD,clearance phase active
153.0,J1,0,20,2,J1_J2,0.163,NORMAL,3.87,False,INACTIVE,False,KEEP_GREEN,minimum green not satisfied (0.0s < 10.0s)
153.0,J2,0,0,4,J2_J3,0.115,NORMAL,10.2,False,INACTIVE,False,START_TRANSITION,cross queue (4) exceeds main queue (0)
153.0,J3,3,0,1,J3_J4,0.213,NORMAL,1.6,False,INACTIVE,False,KEEP_GREEN,minimum green not satisfied (1.0s < 10.0s)
153.0,J4,3,0,0,J4_E5,0.166,NORMAL,0.0,False,INACTIVE,False,KEEP_GREEN,minimum green not satisfied (0.0s < 10.0s)
154.0,J1,0,18,3,J1_J2,0.163,NORMAL,4.67,False,INACTIVE,False,KEEP_GREEN,minimum green not satisfied (1.0s < 10.0s)
154.0,J2,1,0,4,J2_J3,0.193,NORMAL,11.0,False,INACTIVE,False,HOLD,clearance phase active
154.0,J3,3,0,0,J3_J4,0.213,NORMAL,0.0,False,INACTIVE,False,KEEP_GREEN,minimum green not satisfied (2.0s < 10.0s)
154.0,J4,3,1,0,J4_E5,0.166,NORMAL,0.0,False,INACTIVE,False,KEEP_GREEN,minimum green not satisfied (1.0s < 10.0s)
155.0,J1,0,17,3,J1_J2,0.163,NORMAL,5.1,False,INACTIVE,False,KEEP_GREEN,minimum green not satisfied (2.0s < 10.0s)
155.0,J2,1,0,4,J2_J3,0.193,NORMAL,11.8,False,INACTIVE,False,HOLD,clearance phase active
155.0,J3,3,0,0,J3_J4,0.213,NORMAL,0.0,False,INACTIVE,False,KEEP_GREEN,minimum green not satisfied (3.0s < 10.0s)
155.0,J4,3,1,0,J4_E5,0.148,NORMAL,0.0,False,INACTIVE,False,KEEP_GREEN,minimum green not satisfied (2.0s < 10.0s)
156.0,J1,0,17,4,J1_J2,0.184,NORMAL,5.9,False,INACTIVE,False,KEEP_GREEN,minimum green not satisfied (3.0s < 10.0s)
156.0,J2,1,0,4,J2_J3,0.193,NORMAL,12.6,False,INACTIVE,False,HOLD,clearance phase active
156.0,J3,3,0,0,J3_J4,0.213,NORMAL,0.0,False,INACTIVE,False,KEEP_GREEN,minimum green not satisfied (4.0s < 10.0s)
156.0,J4,3,2,0,J4_E5,0.148,NORMAL,0.0,False,INACTIVE,False,KEEP_GREEN,minimum green not satisfied (3.0s < 10.0s)
157.0,J1,0,17,4,J1_J2,0.21,NORMAL,6.7,False,INACTIVE,False,KEEP_GREEN,minimum green not satisfied (4.0s < 10.0s)
157.0,J2,2,0,4,J2_J3,0.193,NORMAL,13.4,False,INACTIVE,False,HOLD,clearance phase active
157.0,J3,3,0,0,J3_J4,0.213,NORMAL,0.0,False,INACTIVE,False,KEEP_GREEN,minimum green not satisfied (5.0s < 10.0s)
157.0,J4,3,3,0,J4_E5,0.13,NORMAL,0.0,False,INACTIVE,False,KEEP_GREEN,minimum green not satisfied (4.0s < 10.0s)
158.0,J1,0,15,4,J1_J2,0.229,NORMAL,7.5,False,INACTIVE,False,KEEP_GREEN,minimum green not satisfied (5.0s < 10.0s)
158.0,J2,2,1,4,J2_J3,0.193,NORMAL,14.2,False,INACTIVE,False,HOLD,clearance phase active
158.0,J3,3,2,0,J3_J4,0.213,NORMAL,0.0,False,INACTIVE,False,KEEP_GREEN,minimum green not satisfied (6.0s < 10.0s)
158.0,J4,3,3,0,J4_E5,0.13,NORMAL,0.0,False,INACTIVE,False,KEEP_GREEN,minimum green not satisfied (5.0s < 10.0s)
159.0,J1,0,15,4,J1_J2,0.229,NORMAL,8.3,False,INACTIVE,False,KEEP_GREEN,minimum green not satisfied (6.0s < 10.0s)
159.0,J2,3,3,2,J2_J3,0.193,NORMAL,10.4,False,INACTIVE,False,KEEP_GREEN,minimum green not satisfied (0.0s < 10.0s)
159.0,J3,3,2,0,J3_J4,0.213,NORMAL,0.0,False,INACTIVE,False,KEEP_GREEN,minimum green not satisfied (7.0s < 10.0s)
159.0,J4,3,6,0,J4_E5,0.13,NORMAL,0.0,False,INACTIVE,False,KEEP_GREEN,minimum green not satisfied (6.0s < 10.0s)
160.0,J1,0,16,4,J1_J2,0.229,NORMAL,9.1,False,INACTIVE,False,KEEP_GREEN,minimum green not satisfied (7.0s < 10.0s)
160.0,J2,3,5,1,J2_J3,0.193,NORMAL,0.6,False,INACTIVE,False,KEEP_GREEN,minimum green not satisfied (1.0s < 10.0s)
160.0,J3,3,4,0,J3_J4,0.213,NORMAL,0.0,False,INACTIVE,False,KEEP_GREEN,minimum green not satisfied (8.0s < 10.0s)
160.0,J4,3,6,0,J4_E5,0.112,NORMAL,0.0,False,INACTIVE,False,KEEP_GREEN,minimum green not satisfied (7.0s < 10.0s)
161.0,J1,0,14,4,J1_J2,0.248,NORMAL,9.9,False,INACTIVE,False,KEEP_GREEN,minimum green not satisfied (8.0s < 10.0s)
161.0,J2,3,6,0,J2_J3,0.193,NORMAL,0.0,False,INACTIVE,False,KEEP_GREEN,minimum green not satisfied (2.0s < 10.0s)
161.0,J3,3,4,0,J3_J4,0.213,NORMAL,0.0,False,INACTIVE,False,KEEP_GREEN,minimum green not satisfied (9.0s < 10.0s)
161.0,J4,3,7,0,J4_E5,0.094,NORMAL,0.0,False,INACTIVE,False,KEEP_GREEN,minimum green not satisfied (8.0s < 10.0s)
162.0,J1,0,15,4,J1_J2,0.287,NORMAL,10.7,False,INACTIVE,False,KEEP_GREEN,minimum green not satisfied (9.0s < 10.0s)
162.0,J2,3,8,0,J2_J3,0.193,NORMAL,0.0,False,INACTIVE,False,KEEP_GREEN,minimum green not satisfied (3.0s < 10.0s)
162.0,J3,3,4,0,J3_J4,0.213,NORMAL,0.0,False,INACTIVE,False,START_TRANSITION,main queue (4) exceeds cross queue (0)
162.0,J4,3,8,0,J4_E5,0.094,NORMAL,0.0,False,INACTIVE,False,KEEP_GREEN,minimum green not satisfied (9.0s < 10.0s)
163.0,J1,0,13,4,J1_J2,0.306,NORMAL,11.5,False,INACTIVE,False,EXTEND_GREEN,"high main queue (13), extending green"
163.0,J2,3,11,0,J2_J3,0.193,NORMAL,0.0,False,INACTIVE,False,KEEP_GREEN,minimum green not satisfied (4.0s < 10.0s)
163.0,J3,4,5,0,J3_J4,0.213,NORMAL,0.0,False,INACTIVE,False,HOLD,clearance phase active
163.0,J4,3,9,0,J4_E5,0.039,NORMAL,0.0,False,INACTIVE,False,START_TRANSITION,main queue (9) exceeds cross queue (0)
164.0,J1,0,12,4,J1_J2,0.306,NORMAL,12.3,False,INACTIVE,False,EXTEND_GREEN,"high main queue (12), extending green"
164.0,J2,3,11,0,J2_J3,0.193,NORMAL,0.0,False,INACTIVE,False,KEEP_GREEN,minimum green not satisfied (5.0s < 10.0s)
164.0,J3,4,6,0,J3_J4,0.213,NORMAL,0.0,False,INACTIVE,False,HOLD,clearance phase active
164.0,J4,4,10,0,J4_E5,0.039,NORMAL,0.0,False,INACTIVE,False,HOLD,clearance phase active
165.0,J1,0,10,5,J1_J2,0.345,NORMAL,12.16,False,INACTIVE,False,EXTEND_GREEN,"high main queue (10), extending green"
165.0,J2,3,11,0,J2_J3,0.193,NORMAL,0.0,False,INACTIVE,False,KEEP_GREEN,minimum green not satisfied (6.0s < 10.0s)
165.0,J3,4,7,0,J3_J4,0.213,NORMAL,0.0,False,INACTIVE,False,HOLD,clearance phase active
165.0,J4,4,11,0,J4_E5,0.0,NORMAL,0.0,False,INACTIVE,False,HOLD,clearance phase active
166.0,J1,0,10,5,J1_J2,0.345,NORMAL,12.96,False,INACTIVE,False,EXTEND_GREEN,"high main queue (10), extending green"
166.0,J2,3,11,0,J2_J3,0.193,NORMAL,0.0,False,INACTIVE,False,KEEP_GREEN,minimum green not satisfied (7.0s < 10.0s)
166.0,J3,5,8,0,J3_J4,0.213,NORMAL,0.0,False,INACTIVE,False,HOLD,clearance phase active
166.0,J4,4,12,1,J4_E5,0.0,NORMAL,0.8,False,INACTIVE,False,HOLD,clearance phase active
167.0,J1,0,10,5,J1_J2,0.383,NORMAL,13.76,False,INACTIVE,False,EXTEND_GREEN,"high main queue (10), extending green"
167.0,J2,3,12,0,J2_J3,0.193,NORMAL,0.0,False,INACTIVE,False,KEEP_GREEN,minimum green not satisfied (8.0s < 10.0s)
167.0,J3,5,8,0,J3_J4,0.213,NORMAL,0.0,False,INACTIVE,False,HOLD,clearance phase active
167.0,J4,5,13,1,J4_E5,0.0,NORMAL,1.6,False,INACTIVE,False,HOLD,clearance phase active
168.0,J1,0,9,5,J1_J2,0.383,NORMAL,14.56,False,INACTIVE,False,EXTEND_GREEN,"high main queue (9), extending green"
168.0,J2,3,12,0,J2_J3,0.156,NORMAL,0.0,False,INACTIVE,False,KEEP_GREEN,minimum green not satisfied (9.0s < 10.0s)
168.0,J3,0,4,0,J3_J4,0.213,NORMAL,0.0,False,INACTIVE,False,KEEP_GREEN,minimum green not satisfied (0.0s < 10.0s)
168.0,J4,5,13,2,J4_E5,0.0,NORMAL,2.0,False,INACTIVE,False,HOLD,clearance phase active
169.0,J1,0,10,5,J1_J2,0.422,NORMAL,15.36,False,INACTIVE,False,EXTEND_GREEN,"high main queue (10), extending green"
169.0,J2,3,12,0,J2_J3,0.156,NORMAL,0.0,False,INACTIVE,False,START_TRANSITION,main queue (12) exceeds cross queue (0)
169.0,J3,0,1,0,J3_J4,0.174,NORMAL,0.0,False,INACTIVE,False,KEEP_GREEN,minimum green not satisfied (1.0s < 10.0s)
169.0,J4,0,9,2,J4_E5,0.0,NORMAL,4.4,False,INACTIVE,False,KEEP_GREEN,minimum green not satisfied (0.0s < 10.0s)
170.0,J1,0,9,5,J1_J2,0.44,NORMAL,16.16,False,INACTIVE,False,EXTEND_GREEN,"high main queue (9), extending green"
170.0,J2,4,13,0,J2_J3,0.156,NORMAL,0.0,False,INACTIVE,False,HOLD,clearance phase active
170.0,J3,0,0,1,J3_J4,0.174,NORMAL,0.8,False,INACTIVE,False,KEEP_GREEN,minimum green not satisfied (2.0s < 10.0s)
170.0,J4,0,5,3,J4_E5,0.0,NORMAL,5.2,False,INACTIVE,False,KEEP_GREEN,minimum green not satisfied (1.0s < 10.0s)
171.0,J1,0,8,5,J1_J2,0.459,NORMAL,16.96,False,INACTIVE,False,EXTEND_GREEN,"high main queue (8), extending green"
171.0,J2,4,13,0,J2_J3,0.117,NORMAL,0.0,False,INACTIVE,False,HOLD,clearance phase active
171.0,J3,0,0,1,J3_J4,0.212,NORMAL,1.6,False,INACTIVE,False,KEEP_GREEN,minimum green not satisfied (3.0s < 10.0s)
171.0,J4,0,3,3,J4_E5,0.0,NORMAL,6.0,False,INACTIVE,False,KEEP_GREEN,minimum green not satisfied (2.0s < 10.0s)
172.0,J1,0,6,5,J1_J2,0.479,NORMAL,17.76,False,INACTIVE,False,EXTEND_GREEN,"high main queue (6), extending green"
172.0,J2,4,13,0,J2_J3,0.117,NORMAL,0.0,False,INACTIVE,False,HOLD,clearance phase active
172.0,J3,0,0,1,J3_J4,0.192,NORMAL,2.4,False,INACTIVE,False,KEEP_GREEN,minimum green not satisfied (4.0s < 10.0s)
172.0,J4,0,1,3,J4_E5,0.039,NORMAL,6.8,False,INACTIVE,False,KEEP_GREEN,minimum green not satisfied (3.0s < 10.0s)
173.0,J1,0,5,5,J1_J2,0.499,NORMAL,18.56,False,INACTIVE,False,EXTEND_GREEN,"high main queue (5), extending green"
173.0,J2,5,13,0,J2_J3,0.117,NORMAL,0.0,False,INACTIVE,False,HOLD,clearance phase active
173.0,J3,0,0,1,J3_J4,0.192,NORMAL,3.2,False,INACTIVE,False,KEEP_GREEN,minimum green not satisfied (5.0s < 10.0s)
173.0,J4,0,0,3,J4_E5,0.039,NORMAL,7.6,False,INACTIVE,False,KEEP_GREEN,minimum green not satisfied (4.0s < 10.0s)
174.0,J1,0,3,5,J1_J2,0.518,NORMAL,19.36,False,INACTIVE,False,START_TRANSITION,cross queue (5) exceeds main queue (3)
174.0,J2,5,13,0,J2_J3,0.084,NORMAL,0.0,False,INACTIVE,False,HOLD,clearance phase active
174.0,J3,0,0,1,J3_J4,0.173,NORMAL,4.0,False,INACTIVE,False,KEEP_GREEN,minimum green not satisfied (6.0s < 10.0s)
174.0,J4,0,0,3,J4_E5,0.059,NORMAL,8.4,False,INACTIVE,False,KEEP_GREEN,minimum green not satisfied (5.0s < 10.0s)
175.0,J1,1,2,5,J1_J2,0.499,NORMAL,20.16,False,INACTIVE,False,HOLD,clearance phase active
175.0,J2,0,10,0,J2_J3,0.05,NORMAL,0.0,False,INACTIVE,False,KEEP_GREEN,minimum green not satisfied (0.0s < 10.0s)
175.0,J3,0,0,1,J3_J4,0.173,NORMAL,4.8,False,INACTIVE,False,KEEP_GREEN,minimum green not satisfied (7.0s < 10.0s)
175.0,J4,0,0,3,J4_E5,0.059,NORMAL,9.2,False,INACTIVE,False,KEEP_GREEN,minimum green not satisfied (6.0s < 10.0s)
176.0,J1,1,2,5,J1_J2,0.518,NORMAL,20.96,False,INACTIVE,False,HOLD,clearance phase active
176.0,J2,0,7,0,J2_J3,0.039,NORMAL,0.0,False,INACTIVE,False,KEEP_GREEN,minimum green not satisfied (1.0s < 10.0s)
176.0,J3,0,0,1,J3_J4,0.212,NORMAL,5.6,False,INACTIVE,False,KEEP_GREEN,minimum green not satisfied (8.0s < 10.0s)
176.0,J4,0,0,3,J4_E5,0.112,NORMAL,10.0,False,INACTIVE,False,KEEP_GREEN,minimum green not satisfied (7.0s < 10.0s)
177.0,J1,1,1,5,J1_J2,0.518,NORMAL,21.76,False,INACTIVE,False,HOLD,clearance phase active
177.0,J2,0,6,0,J2_J3,0.039,NORMAL,0.0,False,INACTIVE,False,KEEP_GREEN,minimum green not satisfied (2.0s < 10.0s)
177.0,J3,0,0,1,J3_J4,0.232,NORMAL,6.4,False,INACTIVE,False,KEEP_GREEN,minimum green not satisfied (9.0s < 10.0s)
177.0,J4,0,0,3,J4_E5,0.112,NORMAL,10.8,False,INACTIVE,False,KEEP_GREEN,minimum green not satisfied (8.0s < 10.0s)
178.0,J1,2,2,5,J1_J2,0.48,NORMAL,22.56,False,INACTIVE,False,HOLD,clearance phase active
178.0,J2,0,4,1,J2_J3,0.041,NORMAL,0.8,False,INACTIVE,False,KEEP_GREEN,minimum green not satisfied (3.0s < 10.0s)
178.0,J3,0,0,1,J3_J4,0.212,NORMAL,7.2,False,INACTIVE,False,START_TRANSITION,main queue empty and cross queue waiting (1)
178.0,J4,0,0,3,J4_E5,0.13,NORMAL,11.6,False,INACTIVE,False,KEEP_GREEN,minimum green not satisfied (9.0s < 10.0s)
179.0,J1,2,3,5,J1_J2,0.48,NORMAL,23.36,False,INACTIVE,False,HOLD,clearance phase active
179.0,J2,0,3,1,J2_J3,0.041,NORMAL,1.6,False,INACTIVE,False,KEEP_GREEN,minimum green not satisfied (4.0s < 10.0s)
179.0,J3,1,0,1,J3_J4,0.193,NORMAL,8.0,False,INACTIVE,False,HOLD,clearance phase active
179.0,J4,0,0,3,J4_E5,0.13,NORMAL,12.4,False,INACTIVE,False,START_TRANSITION,cross queue (3) exceeds main queue (0)
180.0,J1,3,4,4,J1_J2,0.46,NORMAL,17.7,False,INACTIVE,False,KEEP_GREEN,minimum green not satisfied (0.0s < 10.0s)
180.0,J2,0,3,1,J2_J3,0.082,NORMAL,1.8,False,INACTIVE,False,KEEP_GREEN,minimum green not satisfied (5.0s < 10.0s)
180.0,J3,1,0,1,J3_J4,0.232,NORMAL,8.8,False,INACTIVE,False,HOLD,clearance phase active
180.0,J4,1,0,3,J4_E5,0.167,NORMAL,13.2,False,INACTIVE,False,HOLD,clearance phase active
181.0,J1,3,4,2,J1_J2,0.441,NORMAL,10.6,False,INACTIVE,False,KEEP_GREEN,minimum green not satisfied (1.0s < 10.0s)
181.0,J2,0,1,1,J2_J3,0.082,NORMAL,2.4,False,INACTIVE,False,KEEP_GREEN,minimum green not satisfied (6.0s < 10.0s)
181.0,J3,1,0,1,J3_J4,0.232,NORMAL,9.6,False,INACTIVE,False,HOLD,clearance phase active
181.0,J4,1,0,3,J4_E5,0.167,NORMAL,14.0,False,INACTIVE,False,HOLD,clearance phase active
182.0,J1,3,5,0,J1_J2,0.441,NORMAL,0.0,False,INACTIVE,False,KEEP_GREEN,minimum green not satisfied (2.0s < 10.0s)
182.0,J2,0,0,2,J2_J3,0.122,NORMAL,3.2,False,INACTIVE,False,KEEP_GREEN,minimum green not satisfied (7.0s < 10.0s)
182.0,J3,2,0,1,J3_J4,0.232,NORMAL,7.8,False,INACTIVE,False,HOLD,clearance phase active
182.0,J4,1,1,3,J4_E5,0.167,NORMAL,14.8,False,INACTIVE,False,HOLD,clearance phase active
183.0,J1,3,7,0,J1_J2,0.403,NORMAL,0.0,False,INACTIVE,False,KEEP_GREEN,minimum green not satisfied (3.0s < 10.0s)
183.0,J2,0,0,2,J2_J3,0.122,NORMAL,4.0,False,INACTIVE,False,KEEP_GREEN,minimum green not satisfied (8.0s < 10.0s)
183.0,J3,2,0,2,J3_J4,0.232,NORMAL,8.6,False,INACTIVE,False,HOLD,clearance phase active
183.0,J4,2,1,3,J4_E5,0.167,NORMAL,15.6,False,INACTIVE,False,HOLD,clearance phase active
184.0,J1,3,8,0,J1_J2,0.403,NORMAL,0.0,False,INACTIVE,False,KEEP_GREEN,minimum green not satisfied (4.0s < 10.0s)
184.0,J2,0,0,2,J2_J3,0.143,NORMAL,4.13,False,INACTIVE,False,KEEP_GREEN,minimum green not satisfied (9.0s < 10.0s)
184.0,J3,3,0,1,J3_J4,0.232,NORMAL,1.6,False,INACTIVE,False,KEEP_GREEN,minimum green not satisfied (0.0s < 10.0s)
184.0,J4,2,1,3,J4_E5,0.167,NORMAL,16.4,False,INACTIVE,False,HOLD,clearance phase active
185.0,J1,3,10,0,J1_J2,0.384,NORMAL,0.0,False,INACTIVE,False,KEEP_GREEN,minimum green not satisfied (5.0s < 10.0s)
185.0,J2,0,0,3,J2_J3,0.163,NORMAL,4.93,False,INACTIVE,False,START_TRANSITION,cross queue (3) exceeds main queue (0)
185.0,J3,3,0,0,J3_J4,0.232,NORMAL,0.0,False,INACTIVE,False,KEEP_GREEN,minimum green not satisfied (1.0s < 10.0s)
185.0,J4,3,2,1,J4_E5,0.167,NORMAL,8.53,False,INACTIVE,False,KEEP_GREEN,minimum green not satisfied (0.0s < 10.0s)
186.0,J1,3,11,0,J1_J2,0.384,NORMAL,0.0,False,INACTIVE,False,KEEP_GREEN,minimum green not satisfied (6.0s < 10.0s)
186.0,J2,1,0,3,J2_J3,0.163,NORMAL,5.73,False,INACTIVE,False,HOLD,clearance phase active
186.0,J3,3,0,0,J3_J4,0.232,NORMAL,0.0,False,INACTIVE,False,KEEP_GREEN,minimum green not satisfied (2.0s < 10.0s)
186.0,J4,3,2,1,J4_E5,0.148,NORMAL,0.8,False,INACTIVE,False,KEEP_GREEN,minimum green not satisfied (1.0s < 10.0s)
187.0,J1,3,12,0,J1_J2,0.384,NORMAL,0.0,False,INACTIVE,False,KEEP_GREEN,minimum green not satisfied (7.0s < 10.0s)
187.0,J2,1,0,4,J2_J3,0.184,NORMAL,6.0,False,INACTIVE,False,HOLD,clearance phase active
187.0,J3,3,0,0,J3_J4,0.232,NORMAL,0.0,False,INACTIVE,False,KEEP_GREEN,minimum green not satisfied (3.0s < 10.0s)
187.0,J4,3,2,0,J4_E5,0.13,NORMAL,0.0,False,INACTIVE,False,KEEP_GREEN,minimum green not satisfied (2.0s < 10.0s)
188.0,J1,3,12,0,J1_J2,0.384,NORMAL,0.0,False,INACTIVE,False,KEEP_GREEN,minimum green not satisfied (8.0s < 10.0s)
188.0,J2,1,1,4,J2_J3,0.184,NORMAL,6.8,False,INACTIVE,False,HOLD,clearance phase active
188.0,J3,3,1,0,J3_J4,0.232,NORMAL,0.0,False,INACTIVE,False,KEEP_GREEN,minimum green not satisfied (4.0s < 10.0s)
188.0,J4,3,3,0,J4_E5,0.13,NORMAL,0.0,False,INACTIVE,False,KEEP_GREEN,minimum green not satisfied (3.0s < 10.0s)
189.0,J1,3,13,0,J1_J2,0.384,NORMAL,0.0,False,INACTIVE,False,KEEP_GREEN,minimum green not satisfied (9.0s < 10.0s)
189.0,J2,2,1,4,J2_J3,0.184,NORMAL,7.6,False,INACTIVE,False,HOLD,clearance phase active
189.0,J3,3,2,0,J3_J4,0.232,NORMAL,0.0,False,INACTIVE,False,KEEP_GREEN,minimum green not satisfied (5.0s < 10.0s)
189.0,J4,3,4,0,J4_E5,0.111,NORMAL,0.0,False,INACTIVE,False,KEEP_GREEN,minimum green not satisfied (4.0s < 10.0s)
190.0,J1,3,15,0,J1_J2,0.384,NORMAL,0.0,False,INACTIVE,False,START_TRANSITION,main queue (15) exceeds cross queue (0)
190.0,J2,2,4,4,J2_J3,0.184,NORMAL,8.4,False,INACTIVE,False,HOLD,clearance phase active
190.0,J3,3,3,0,J3_J4,0.232,NORMAL,0.0,False,INACTIVE,False,KEEP_GREEN,minimum green not satisfied (6.0s < 10.0s)
190.0,J4,3,5,0,J4_E5,0.111,NORMAL,0.0,False,INACTIVE,False,KEEP_GREEN,minimum green not satisfied (5.0s < 10.0s)
191.0,J1,4,16,0,J1_J2,0.384,NORMAL,0.0,False,INACTIVE,False,HOLD,clearance phase active
191.0,J2,3,4,3,J2_J3,0.184,NORMAL,5.8,False,INACTIVE,False,KEEP_GREEN,minimum green not satisfied (0.0s < 10.0s)
191.0,J3,3,3,0,J3_J4,0.232,NORMAL,0.0,False,INACTIVE,False,KEEP_GREEN,minimum green not satisfied (7.0s < 10.0s)
191.0,J4,3,6,0,J4_E5,0.093,NORMAL,0.0,False,INACTIVE,False,KEEP_GREEN,minimum green not satisfied (6.0s < 10.0s)
192.0,J1,4,17,0,J1_J2,0.384,NORMAL,0.0,False,INACTIVE,False,HOLD,clearance phase active
192.0,J2,3,7,2,J2_J3,0.184,NORMAL,5.2,False,INACTIVE,False,KEEP_GREEN,minimum green not satisfied (1.0s < 10.0s)
192.0,J3,3,4,0,J3_J4,0.232,NORMAL,0.0,False,INACTIVE,False,KEEP_GREEN,minimum green not satisfied (8.0s < 10.0s)
192.0,J4,3,6,0,J4_E5,0.093,NORMAL,0.0,False,INACTIVE,False,KEEP_GREEN,minimum green not satisfied (7.0s < 10.0s)
193.0,J1,4,19,1,J1_J2,0.384,NORMAL,0.6,False,INACTIVE,False,HOLD,clearance phase active
193.0,J2,3,8,1,J2_J3,0.184,NORMAL,2.4,False,INACTIVE,False,KEEP_GREEN,minimum green not satisfied (2.0s < 10.0s)
193.0,J3,3,4,0,J3_J4,0.232,NORMAL,0.0,False,INACTIVE,False,KEEP_GREEN,minimum green not satisfied (9.0s < 10.0s)
193.0,J4,3,8,0,J4_E5,0.075,NORMAL,0.0,False,INACTIVE,False,KEEP_GREEN,minimum green not satisfied (8.0s < 10.0s)
194.0,J1,5,21,1,J1_J2,0.384,NORMAL,1.2,False,INACTIVE,False,HOLD,clearance phase active
194.0,J2,3,9,0,J2_J3,0.184,NORMAL,0.0,False,INACTIVE,False,KEEP_GREEN,minimum green not satisfied (3.0s < 10.0s)
194.0,J3,3,4,0,J3_J4,0.232,NORMAL,0.0,False,INACTIVE,False,START_TRANSITION,main queue (4) exceeds cross queue (0)
194.0,J4,3,9,0,J4_E5,0.075,NORMAL,0.0,False,INACTIVE,False,KEEP_GREEN,minimum green not satisfied (9.0s < 10.0s)
195.0,J1,5,25,2,J1_J2,0.384,NORMAL,2.0,False,INACTIVE,False,HOLD,clearance phase active
195.0,J2,3,10,0,J2_J3,0.184,NORMAL,0.0,False,INACTIVE,False,KEEP_GREEN,minimum green not satisfied (4.0s < 10.0s)
195.0,J3,4,6,0,J3_J4,0.232,NORMAL,0.0,False,INACTIVE,False,HOLD,clearance phase active
195.0,J4,3,10,0,J4_E5,0.039,NORMAL,0.0,False,INACTIVE,False,START_TRANSITION,main queue (10) exceeds cross queue (0)
196.0,J1,0,20,2,J1_J2,0.384,NORMAL,4.8,False,INACTIVE,False,KEEP_GREEN,minimum green not satisfied (0.0s < 10.0s)
196.0,J2,3,12,0,J2_J3,0.184,NORMAL,0.0,False,INACTIVE,False,KEEP_GREEN,minimum green not satisfied (5.0s < 10.0s)
196.0,J3,4,7,0,J3_J4,0.232,NORMAL,0.0,False,INACTIVE,False,HOLD,clearance phase active
196.0,J4,4,11,0,J4_E5,0.02,NORMAL,0.0,False,INACTIVE,False,HOLD,clearance phase active
197.0,J1,0,19,2,J1_J2,0.384,NORMAL,5.6,False,INACTIVE,False,KEEP_GREEN,minimum green not satisfied (1.0s < 10.0s)
197.0,J2,3,12,0,J2_J3,0.184,NORMAL,0.0,False,INACTIVE,False,KEEP_GREEN,minimum green not satisfied (6.0s < 10.0s)
197.0,J3,4,8,0,J3_J4,0.232,NORMAL,0.0,False,INACTIVE,False,HOLD,clearance phase active
197.0,J4,4,12,0,J4_E5,0.02,NORMAL,0.0,False,INACTIVE,False,HOLD,clearance phase active
198.0,J1,0,20,2,J1_J2,0.384,NORMAL,6.4,False,INACTIVE,False,KEEP_GREEN,minimum green not satisfied (2.0s < 10.0s)
198.0,J2,3,14,0,J2_J3,0.184,NORMAL,0.0,False,INACTIVE,False,KEEP_GREEN,minimum green not satisfied (7.0s < 10.0s)
198.0,J3,5,8,0,J3_J4,0.232,NORMAL,0.0,False,INACTIVE,False,HOLD,clearance phase active
198.0,J4,4,12,0,J4_E5,0.0,NORMAL,0.0,False,INACTIVE,False,HOLD,clearance phase active
199.0,J1,0,19,2,J1_J2,0.422,NORMAL,7.2,False,INACTIVE,False,KEEP_GREEN,minimum green not satisfied (3.0s < 10.0s)
199.0,J2,3,16,0,J2_J3,0.184,NORMAL,0.0,False,INACTIVE,False,KEEP_GREEN,minimum green not satisfied (8.0s < 10.0s)
199.0,J3,5,10,0,J3_J4,0.232,NORMAL,0.0,False,INACTIVE,False,HOLD,clearance phase active
199.0,J4,5,12,0,J4_E5,0.0,NORMAL,0.0,False,INACTIVE,False,HOLD,clearance phase active
200.0,J1,0,18,2,J1_J2,0.422,NORMAL,8.0,False,INACTIVE,False,KEEP_GREEN,minimum green not satisfied (4.0s < 10.0s)
200.0,J2,3,17,0,J2_J3,0.143,NORMAL,0.0,False,INACTIVE,False,KEEP_GREEN,minimum green not satisfied (9.0s < 10.0s)
200.0,J3,0,6,0,J3_J4,0.232,NORMAL,0.0,False,INACTIVE,False,KEEP_GREEN,minimum green not satisfied (0.0s < 10.0s)
200.0,J4,5,12,0,J4_E5,0.0,NORMAL,0.0,False,INACTIVE,False,HOLD,clearance phase active
201.0,J1,0,17,2,J1_J2,0.44,NORMAL,8.8,False,INACTIVE,False,KEEP_GREEN,minimum green not satisfied (5.0s < 10.0s)
201.0,J2,3,19,0,J2_J3,0.143,NORMAL,0.0,False,INACTIVE,False,START_TRANSITION,main queue (19) exceeds cross queue (0)
201.0,J3,0,3,0,J3_J4,0.177,NORMAL,0.0,False,INACTIVE,False,KEEP_GREEN,minimum green not satisfied (1.0s < 10.0s)
201.0,J4,0,8,0,J4_E5,0.0,NORMAL,0.0,False,INACTIVE,False,KEEP_GREEN,minimum green not satisfied (0.0s < 10.0s)
202.0,J1,0,17,2,J1_J2,0.44,NORMAL,8.4,False,INACTIVE,False,KEEP_GREEN,minimum green not satisfied (6.0s < 10.0s)
202.0,J2,4,19,0,J2_J3,0.143,NORMAL,0.0,False,INACTIVE,False,HOLD,clearance phase active
202.0,J3,0,1,0,J3_J4,0.175,NORMAL,0.0,False,INACTIVE,False,KEEP_GREEN,minimum green not satisfied (2.0s < 10.0s)
202.0,J4,0,3,0,J4_E5,0.0,NORMAL,0.0,False,INACTIVE,False,KEEP_GREEN,minimum green not satisfied (1.0s < 10.0s)
203.0,J1,0,16,2,J1_J2,0.498,NORMAL,9.07,False,INACTIVE,False,KEEP_GREEN,minimum green not satisfied (7.0s < 10.0s)
203.0,J2,4,20,0,J2_J3,0.102,NORMAL,0.0,False,INACTIVE,False,HOLD,clearance phase active
203.0,J3,0,1,0,J3_J4,0.212,NORMAL,0.0,False,INACTIVE,False,KEEP_GREEN,minimum green not satisfied (3.0s < 10.0s)
203.0,J4,0,2,0,J4_E5,0.0,NORMAL,0.0,False,INACTIVE,False,KEEP_GREEN,minimum green not satisfied (2.0s < 10.0s)
204.0,J1,0,14,3,J1_J2,0.498,NORMAL,9.87,False,INACTIVE,False,KEEP_GREEN,minimum green not satisfied (8.0s < 10.0s)
204.0,J2,4,20,0,J2_J3,0.102,NORMAL,0.0,False,INACTIVE,False,HOLD,clearance phase active
204.0,J3,0,0,1,J3_J4,0.193,NORMAL,0.8,False,INACTIVE,False,KEEP_GREEN,minimum green not satisfied (4.0s < 10.0s)
204.0,J4,0,1,0,J4_E5,0.02,NORMAL,0.0,False,INACTIVE,False,KEEP_GREEN,minimum green not satisfied (3.0s < 10.0s)
205.0,J1,0,13,3,J1_J2,0.517,NORMAL,10.67,False,INACTIVE,False,KEEP_GREEN,minimum green not satisfied (9.0s < 10.0s)
205.0,J2,5,21,0,J2_J3,0.082,NORMAL,0.0,False,INACTIVE,False,HOLD,clearance phase active
205.0,J3,0,0,2,J3_J4,0.23,NORMAL,1.4,False,INACTIVE,False,KEEP_GREEN,minimum green not satisfied (5.0s < 10.0s)
205.0,J4,0,0,0,J4_E5,0.02,NORMAL,0.0,False,INACTIVE,False,KEEP_GREEN,minimum green not satisfied (4.0s < 10.0s)
206.0,J1,0,11,3,J1_J2,0.536,NORMAL,11.47,False,INACTIVE,False,EXTEND_GREEN,"high main queue (11), extending green"
206.0,J2,5,21,1,J2_J3,0.061,NORMAL,0.8,False,INACTIVE,False,HOLD,clearance phase active
206.0,J3,0,0,2,J3_J4,0.23,NORMAL,1.87,False,INACTIVE,False,KEEP_GREEN,minimum green not satisfied (6.0s < 10.0s)
206.0,J4,0,0,0,J4_E5,0.075,NORMAL,0.0,False,INACTIVE,False,KEEP_GREEN,minimum green not satisfied (5.0s < 10.0s)
207.0,J1,0,12,3,J1_J2,0.536,NORMAL,12.27,False,INACTIVE,False,EXTEND_GREEN,"high main queue (12), extending green"
207.0,J2,0,17,1,J2_J3,0.041,NORMAL,3.6,False,INACTIVE,False,KEEP_GREEN,minimum green not satisfied (0.0s < 10.0s)
207.0,J3,0,0,3,J3_J4,0.231,NORMAL,2.67,False,INACTIVE,False,KEEP_GREEN,minimum green not satisfied (7.0s < 10.0s)
207.0,J4,0,0,1,J4_E5,0.075,NORMAL,0.8,False,INACTIVE,False,KEEP_GREEN,minimum green not satisfied (6.0s < 10.0s)
208.0,J1,0,12,3,J1_J2,0.517,NORMAL,13.07,False,INACTIVE,False,EXTEND_GREEN,"high main queue (12), extending green"
208.0,J2,0,14,2,J2_J3,0.02,NORMAL,3.73,False,INACTIVE,False,KEEP_GREEN,minimum green not satisfied (1.0s < 10.0s)
208.0,J3,0,0,3,J3_J4,0.231,NORMAL,3.47,False,INACTIVE,False,KEEP_GREEN,minimum green not satisfied (8.0s < 10.0s)
208.0,J4,0,0,1,J4_E5,0.093,NORMAL,1.6,False,INACTIVE,False,KEEP_GREEN,minimum green not satisfied (7.0s < 10.0s)
209.0,J1,0,11,3,J1_J2,0.536,NORMAL,13.87,False,INACTIVE,False,EXTEND_GREEN,"high main queue (11), extending green"
209.0,J2,0,12,2,J2_J3,0.02,NORMAL,4.2,False,INACTIVE,False,KEEP_GREEN,minimum green not satisfied (2.0s < 10.0s)
209.0,J3,0,0,3,J3_J4,0.27,NORMAL,4.27,False,INACTIVE,False,KEEP_GREEN,minimum green not satisfied (9.0s < 10.0s)
209.0,J4,0,0,1,J4_E5,0.111,NORMAL,2.4,False,INACTIVE,False,KEEP_GREEN,minimum green not satisfied (8.0s < 10.0s)
210.0,J1,0,9,3,J1_J2,0.554,NORMAL,14.67,False,INACTIVE,False,EXTEND_GREEN,"high main queue (9), extending green"
210.0,J2,0,10,3,J2_J3,0.02,NORMAL,4.9,False,INACTIVE,False,KEEP_GREEN,minimum green not satisfied (3.0s < 10.0s)
210.0,J3,0,0,3,J3_J4,0.192,NORMAL,5.07,False,INACTIVE,False,START_TRANSITION,cross queue (3) exceeds main queue (0)
210.0,J4,0,0,1,J4_E5,0.111,NORMAL,2.4,False,INACTIVE,False,KEEP_GREEN,minimum green not satisfied (9.0s < 10.0s)
211.0,J1,0,8,3,J1_J2,0.531,NORMAL,15.47,False,INACTIVE,False,EXTEND_GREEN,"high main queue (8), extending green"
211.0,J2,0,9,4,J2_J3,0.02,NORMAL,5.7,False,INACTIVE,False,KEEP_GREEN,minimum green not satisfied (4.0s < 10.0s)
211.0,J3,1,0,3,J3_J4,0.21,NORMAL,5.87,False,INACTIVE,False,HOLD,clearance phase active
211.0,J4,0,0,2,J4_E5,0.111,NORMAL,2.8,False,INACTIVE,False,START_TRANSITION,main queue empty and cross queue waiting (2)
212.0,J1,0,7,3,J1_J2,0.554,NORMAL,13.76,False,INACTIVE,False,EXTEND_GREEN,"high main queue (7), extending green"
212.0,J2,0,9,5,J2_J3,0.058,NORMAL,6.24,False,INACTIVE,False,KEEP_GREEN,minimum green not satisfied (5.0s < 10.0s)
212.0,J3,1,0,3,J3_J4,0.21,NORMAL,6.67,False,INACTIVE,False,HOLD,clearance phase active
212.0,J4,1,0,3,J4_E5,0.186,NORMAL,3.6,False,INACTIVE,False,HOLD,clearance phase active
213.0,J1,0,5,5,J1_J2,0.575,NORMAL,14.56,False,INACTIVE,False,EXTEND_GREEN,"high main queue (5), extending green"
213.0,J2,0,7,5,J2_J3,0.058,NORMAL,7.04,False,INACTIVE,False,KEEP_GREEN,minimum green not satisfied (6.0s < 10.0s)
213.0,J3,1,0,3,J3_J4,0.21,NORMAL,7.47,False,INACTIVE,False,HOLD,clearance phase active
213.0,J4,1,0,3,J4_E5,0.186,NORMAL,4.4,False,INACTIVE,False,HOLD,clearance phase active
214.0,J1,0,3,5,J1_J2,0.575,NORMAL,15.36,False,INACTIVE,False,START_TRANSITION,cross queue (5) exceeds main queue (3)
214.0,J2,0,6,5,J2_J3,0.097,NORMAL,7.84,False,INACTIVE,False,KEEP_GREEN,minimum green not satisfied (7.0s < 10.0s)
214.0,J3,2,0,3,J3_J4,0.21,NORMAL,8.27,False,INACTIVE,False,HOLD,clearance phase active
214.0,J4,1,0,3,J4_E5,0.186,NORMAL,5.2,False,INACTIVE,False,HOLD,clearance phase active
215.0,J1,1,1,5,J1_J2,0.594,NORMAL,16.16,False,INACTIVE,False,HOLD,clearance phase active
215.0,J2,0,4,5,J2_J3,0.116,NORMAL,8.64,False,INACTIVE,False,KEEP_GREEN,minimum green not satisfied (8.0s < 10.0s)
215.0,J3,2,0,3,J3_J4,0.21,NORMAL,9.07,False,INACTIVE,False,HOLD,clearance phase active
215.0,J4,2,0,3,J4_E5,0.186,NORMAL,6.0,False,INACTIVE,False,HOLD,clearance phase active
216.0,J1,1,0,5,J1_J2,0.594,NORMAL,16.96,False,INACTIVE,False,HOLD,clearance phase active
216.0,J2,0,3,5,J2_J3,0.116,NORMAL,9.44,False,INACTIVE,False,KEEP_GREEN,minimum green not satisfied (9.0s < 10.0s)
216.0,J3,3,0,1,J3_J4,0.21,NORMAL,9.6,False,INACTIVE,False,KEEP_GREEN,minimum green not satisfied (0.0s < 10.0s)
216.0,J4,2,0,3,J4_E5,0.186,NORMAL,6.8,False,INACTIVE,False,HOLD,clearance phase active
217.0,J1,1,0,6,J1_J2,0.594,NORMAL,16.87,False,INACTIVE,False,HOLD,clearance phase active
217.0,J2,0,3,5,J2_J3,0.154,NORMAL,10.24,False,INACTIVE,False,START_TRANSITION,cross queue (5) exceeds main queue (3)
217.0,J3,3,0,0,J3_J4,0.21,NORMAL,0.0,False,INACTIVE,False,KEEP_GREEN,minimum green not satisfied (1.0s < 10.0s)
217.0,J4,3,2,1,J4_E5,0.186,NORMAL,5.6,False,INACTIVE,False,KEEP_GREEN,minimum green not satisfied (0.0s < 10.0s)
218.0,J1,2,0,6,J1_J2,0.555,NORMAL,17.67,False,INACTIVE,False,HOLD,clearance phase active
218.0,J2,1,2,5,J2_J3,0.154,NORMAL,11.04,False,INACTIVE,False,HOLD,clearance phase active
218.0,J3,3,0,0,J3_J4,0.21,NORMAL,0.0,False,INACTIVE,False,KEEP_GREEN,minimum green not satisfied (2.0s < 10.0s)
218.0,J4,3,2,0,J4_E5,0.186,NORMAL,0.0,False,INACTIVE,False,KEEP_GREEN,minimum green not satisfied (1.0s < 10.0s)
219.0,J1,2,1,6,J1_J2,0.555,NORMAL,18.47,False,INACTIVE,False,HOLD,clearance phase active
219.0,J2,1,2,5,J2_J3,0.193,NORMAL,11.84,False,INACTIVE,False,HOLD,clearance phase active
219.0,J3,3,0,0,J3_J4,0.21,NORMAL,0.0,False,INACTIVE,False,KEEP_GREEN,minimum green not satisfied (3.0s < 10.0s)
219.0,J4,3,3,0,J4_E5,0.168,NORMAL,0.0,False,INACTIVE,False,KEEP_GREEN,minimum green not satisfied (2.0s < 10.0s)
220.0,J1,3,2,4,J1_J2,0.555,NORMAL,15.9,False,INACTIVE,False,KEEP_GREEN,minimum green not satisfied (0.0s < 10.0s)
220.0,J2,1,2,6,J2_J3,0.193,NORMAL,11.93,False,INACTIVE,False,HOLD,clearance phase active
220.0,J3,3,0,0,J3_J4,0.21,NORMAL,0.0,False,INACTIVE,False,KEEP_GREEN,minimum green not satisfied (4.0s < 10.0s)
220.0,J4,3,4,0,J4_E5,0.168,NORMAL,0.0,False,INACTIVE,False,KEEP_GREEN,minimum green not satisfied (3.0s < 10.0s)
221.0,J1,3,4,3,J1_J2,0.555,NORMAL,11.47,False,INACTIVE,False,KEEP_GREEN,minimum green not satisfied (1.0s < 10.0s)
221.0,J2,2,2,6,J2_J3,0.193,NORMAL,12.12,False,INACTIVE,False,HOLD,clearance phase active
221.0,J3,3,0,0,J3_J4,0.21,NORMAL,0.0,False,INACTIVE,False,KEEP_GREEN,minimum green not satisfied (5.0s < 10.0s)
221.0,J4,3,4,0,J4_E5,0.149,NORMAL,0.0,False,INACTIVE,False,KEEP_GREEN,minimum green not satisfied (4.0s < 10.0s)
222.0,J1,3,4,2,J1_J2,0.555,NORMAL,7.2,False,INACTIVE,False,KEEP_GREEN,minimum green not satisfied (2.0s < 10.0s)
222.0,J2,2,2,6,J2_J3,0.193,NORMAL,12.86,False,INACTIVE,False,HOLD,clearance phase active
222.0,J3,3,2,0,J3_J4,0.21,NORMAL,0.0,False,INACTIVE,False,KEEP_GREEN,minimum green not satisfied (6.0s < 10.0s)
222.0,J4,3,6,0,J4_E5,0.149,NORMAL,0.0,False,INACTIVE,False,KEEP_GREEN,minimum green not satisfied (5.0s < 10.0s)
223.0,J1,3,6,1,J1_J2,0.555,NORMAL,5.6,False,INACTIVE,False,KEEP_GREEN,minimum green not satisfied (3.0s < 10.0s)
223.0,J2,3,4,5,J2_J3,0.193,NORMAL,9.12,False,INACTIVE,False,KEEP_GREEN,minimum green not satisfied (0.0s < 10.0s)
223.0,J3,3,2,0,J3_J4,0.21,NORMAL,0.0,False,INACTIVE,False,KEEP_GREEN,minimum green not satisfied (7.0s < 10.0s)
223.0,J4,3,6,0,J4_E5,0.149,NORMAL,0.0,False,INACTIVE,False,KEEP_GREEN,minimum green not satisfied (6.0s < 10.0s)
224.0,J1,3,7,0,J1_J2,0.555,NORMAL,0.0,False,INACTIVE,False,KEEP_GREEN,minimum green not satisfied (4.0s < 10.0s)
224.0,J2,3,7,3,J2_J3,0.193,NORMAL,7.87,False,INACTIVE,False,KEEP_GREEN,minimum green not satisfied (1.0s < 10.0s)
224.0,J3,3,2,0,J3_J4,0.21,NORMAL,0.0,False,INACTIVE,False,KEEP_GREEN,minimum green not satisfied (8.0s < 10.0s)
224.0,J4,3,8,0,J4_E5,0.149,NORMAL,0.0,False,INACTIVE,False,KEEP_GREEN,minimum green not satisfied (7.0s < 10.0s)
225.0,J1,3,8,0,J1_J2,0.555,NORMAL,0.0,False,INACTIVE,False,KEEP_GREEN,minimum green not satisfied (5.0s < 10.0s)
225.0,J2,3,7,2,J2_J3,0.193,NORMAL,4.2,False,INACTIVE,False,KEEP_GREEN,minimum green not satisfied (2.0s < 10.0s)
225.0,J3,3,2,0,J3_J4,0.21,NORMAL,0.0,False,INACTIVE,False,KEEP_GREEN,minimum green not satisfied (9.0s < 10.0s)
225.0,J4,3,10,0,J4_E5,0.093,NORMAL,0.0,False,INACTIVE,False,KEEP_GREEN,minimum green not satisfied (8.0s < 10.0s)
226.0,J1,3,10,0,J1_J2,0.555,NORMAL,0.0,False,INACTIVE,False,KEEP_GREEN,minimum green not satisfied (6.0s < 10.0s)
226.0,J2,3,8,1,J2_J3,0.193,NORMAL,3.2,False,INACTIVE,False,KEEP_GREEN,minimum green not satisfied (3.0s < 10.0s)
226.0,J3,3,3,0,J3_J4,0.21,NORMAL,0.0,False,INACTIVE,False,START_TRANSITION,main queue (3) exceeds cross queue (0)
226.0,J4,3,12,0,J4_E5,0.093,NORMAL,0.0,False,INACTIVE,False,KEEP_GREEN,minimum green not satisfied (9.0s < 10.0s)
227.0,J1,3,11,0,J1_J2,0.555,NORMAL,0.0,False,INACTIVE,False,KEEP_GREEN,minimum green not satisfied (7.0s < 10.0s)
227.0,J2,3,10,0,J2_J3,0.193,NORMAL,0.0,False,INACTIVE,False,KEEP_GREEN,minimum green not satisfied (4.0s < 10.0s)
227.0,J3,4,4,0,J3_J4,0.21,NORMAL,0.0,False,INACTIVE,False,HOLD,clearance phase active
227.0,J4,3,13,0,J4_E5,0.075,NORMAL,0.0,False,INACTIVE,False,START_TRANSITION,main queue (13) exceeds cross queue (0)
228.0,J1,3,14,0,J1_J2,0.555,NORMAL,0.0,False,INACTIVE,False,KEEP_GREEN,minimum green not satisfied (8.0s < 10.0s)
228.0,J2,3,11,0,J2_J3,0.193,NORMAL,0.0,False,INACTIVE,False,KEEP_GREEN,minimum green not satisfied (5.0s < 10.0s)
228.0,J3,4,5,0,J3_J4,0.21,NORMAL,0.0,False,INACTIVE,False,HOLD,clearance phase active
228.0,J4,4,13,0,J4_E5,0.075,NORMAL,0.0,False,INACTIVE,False,HOLD,clearance phase active
229.0,J1,3,16,0,J1_J2,0.555,NORMAL,0.0,False,INACTIVE,False,KEEP_GREEN,minimum green not satisfied (9.0s < 10.0s)
229.0,J2,3,12,0,J2_J3,0.193,NORMAL,0.0,False,INACTIVE,False,KEEP_GREEN,minimum green not satisfied (6.0s < 10.0s)
229.0,J3,4,6,1,J3_J4,0.21,NORMAL,0.8,False,INACTIVE,False,HOLD,clearance phase active
229.0,J4,4,14,0,J4_E5,0.075,NORMAL,0.0,False,INACTIVE,False,HOLD,clearance phase active
230.0,J1,3,17,0,J1_J2,0.555,NORMAL,0.0,False,INACTIVE,False,START_TRANSITION,main queue (17) exceeds cross queue (0)
230.0,J2,3,14,0,J2_J3,0.193,NORMAL,0.0,False,INACTIVE,False,KEEP_GREEN,minimum green not satisfied (7.0s < 10.0s)
230.0,J3,5,6,1,J3_J4,0.21,NORMAL,1.6,False,INACTIVE,False,HOLD,clearance phase active
230.0,J4,4,14,0,J4_E5,0.0,NORMAL,0.0,False,INACTIVE,False,HOLD,clearance phase active
231.0,J1,4,18,0,J1_J2,0.555,NORMAL,0.0,False,INACTIVE,False,HOLD,clearance phase active
231.0,J2,3,16,0,J2_J3,0.193,NORMAL,0.0,False,INACTIVE,False,KEEP_GREEN,minimum green not satisfied (8.0s < 10.0s)
231.0,J3,5,7,1,J3_J4,0.21,NORMAL,2.4,False,INACTIVE,False,HOLD,clearance phase active
231.0,J4,5,14,0,J4_E5,0.0,NORMAL,0.0,False,INACTIVE,False,HOLD,clearance phase active
232.0,J1,4,19,0,J1_J2,0.555,NORMAL,0.0,False,INACTIVE,False,HOLD,clearance phase active
232.0,J2,3,16,0,J2_J3,0.135,NORMAL,0.0,False,INACTIVE,False,KEEP_GREEN,minimum green not satisfied (9.0s < 10.0s)
232.0,J3,0,5,1,J3_J4,0.21,NORMAL,4.4,False,INACTIVE,False,KEEP_GREEN,minimum green not satisfied (0.0s < 10.0s)
232.0,J4,5,15,0,J4_E5,0.0,NORMAL,0.0,False,INACTIVE,False,HOLD,clearance phase active
233.0,J1,4,20,0,J1_J2,0.555,NORMAL,0.0,False,INACTIVE,False,HOLD,clearance phase active
233.0,J2,3,18,0,J2_J3,0.135,NORMAL,0.0,False,INACTIVE,False,START_TRANSITION,main queue (18) exceeds cross queue (0)
233.0,J3,0,3,1,J3_J4,0.192,NORMAL,5.0,False,INACTIVE,False,KEEP_GREEN,minimum green not satisfied (1.0s < 10.0s)
233.0,J4,0,12,0,J4_E5,0.0,NORMAL,0.0,False,INACTIVE,False,KEEP_GREEN,minimum green not satisfied (0.0s < 10.0s)
234.0,J1,5,23,1,J1_J2,0.555,NORMAL,0.6,False,INACTIVE,False,HOLD,clearance phase active
234.0,J2,4,19,0,J2_J3,0.135,NORMAL,0.0,False,INACTIVE,False,HOLD,clearance phase active
234.0,J3,0,1,2,J3_J4,0.192,NORMAL,5.8,False,INACTIVE,False,KEEP_GREEN,minimum green not satisfied (2.0s < 10.0s)
234.0,J4,0,9,0,J4_E5,0.0,NORMAL,0.0,False,INACTIVE,False,KEEP_GREEN,minimum green not satisfied (1.0s < 10.0s)
235.0,J1,5,26,1,J1_J2,0.555,NORMAL,1.2,False,INACTIVE,False,HOLD,clearance phase active
235.0,J2,4,19,0,J2_J3,0.088,NORMAL,0.0,False,INACTIVE,False,HOLD,clearance phase active
235.0,J3,0,0,2,J3_J4,0.21,NORMAL,6.6,False,INACTIVE,False,KEEP_GREEN,minimum green not satisfied (3.0s < 10.0s)
235.0,J4,0,5,0,J4_E5,0.0,NORMAL,0.0,False,INACTIVE,False,KEEP_GREEN,minimum green not satisfied (2.0s < 10.0s)
236.0,J1,0,22,2,J1_J2,0.555,NORMAL,4.0,False,INACTIVE,False,KEEP_GREEN,minimum green not satisfied (0.0s < 10.0s)
236.0,J2,4,21,0,J2_J3,0.082,NORMAL,0.0,False,INACTIVE,False,HOLD,clearance phase active
236.0,J3,0,0,2,J3_J4,0.192,NORMAL,7.4,False,INACTIVE,False,KEEP_GREEN,minimum green not satisfied (4.0s < 10.0s)
236.0,J4,0,2,1,J4_E5,0.02,NORMAL,0.8,False,INACTIVE,False,KEEP_GREEN,minimum green not satisfied (3.0s < 10.0s)
237.0,J1,0,21,2,J1_J2,0.555,NORMAL,4.8,False,INACTIVE,False,KEEP_GREEN,minimum green not satisfied (1.0s < 10.0s)
237.0,J2,5,22,0,J2_J3,0.082,NORMAL,0.0,False,INACTIVE,False,HOLD,clearance phase active
237.0,J3,0,0,2,J3_J4,0.21,NORMAL,8.2,False,INACTIVE,False,KEEP_GREEN,minimum green not satisfied (5.0s < 10.0s)
237.0,J4,0,0,1,J4_E5,0.02,NORMAL,1.6,False,INACTIVE,False,KEEP_GREEN,minimum green not satisfied (4.0s < 10.0s)
238.0,J1,0,19,2,J1_J2,0.555,NORMAL,5.6,False,INACTIVE,False,KEEP_GREEN,minimum green not satisfied (2.0s < 10.0s)
238.0,J2,5,23,0,J2_J3,0.061,NORMAL,0.0,False,INACTIVE,False,HOLD,clearance phase active
238.0,J3,0,0,2,J3_J4,0.249,NORMAL,9.0,False,INACTIVE,False,KEEP_GREEN,minimum green not satisfied (6.0s < 10.0s)
238.0,J4,0,0,1,J4_E5,0.074,NORMAL,2.4,False,INACTIVE,False,KEEP_GREEN,minimum green not satisfied (5.0s < 10.0s)
239.0,J1,0,19,2,J1_J2,0.555,NORMAL,6.4,False,INACTIVE,False,KEEP_GREEN,minimum green not satisfied (3.0s < 10.0s)
239.0,J2,0,20,0,J2_J3,0.024,NORMAL,0.0,False,INACTIVE,False,KEEP_GREEN,minimum green not satisfied (0.0s < 10.0s)
239.0,J3,0,0,2,J3_J4,0.231,NORMAL,9.8,False,INACTIVE,False,KEEP_GREEN,minimum green not satisfied (7.0s < 10.0s)
239.0,J4,0,0,1,J4_E5,0.074,NORMAL,3.2,False,INACTIVE,False,KEEP_GREEN,minimum green not satisfied (6.0s < 10.0s)
240.0,J1,0,18,2,J1_J2,0.555,NORMAL,7.2,False,INACTIVE,False,KEEP_GREEN,minimum green not satisfied (4.0s < 10.0s)
240.0,J2,0,19,0,J2_J3,0.02,NORMAL,0.0,False,INACTIVE,False,KEEP_GREEN,minimum green not satisfied (1.0s < 10.0s)
240.0,J3,0,0,2,J3_J4,0.231,NORMAL,9.33,False,INACTIVE,False,KEEP_GREEN,minimum green not satisfied (8.0s < 10.0s)
240.0,J4,0,0,1,J4_E5,0.092,NORMAL,4.0,False,INACTIVE,False,KEEP_GREEN,minimum green not satisfied (7.0s < 10.0s)
241.0,J1,0,16,2,J1_J2,0.574,NORMAL,8.0,False,INACTIVE,False,KEEP_GREEN,minimum green not satisfied (5.0s < 10.0s)
241.0,J2,0,18,1,J2_J3,0.001,NORMAL,0.8,False,INACTIVE,False,KEEP_GREEN,minimum green not satisfied (2.0s < 10.0s)
241.0,J3,0,0,3,J3_J4,0.25,NORMAL,10.13,False,INACTIVE,False,KEEP_GREEN,minimum green not satisfied (9.0s < 10.0s)
241.0,J4,0,0,1,J4_E5,0.092,NORMAL,4.8,False,INACTIVE,False,KEEP_GREEN,minimum green not satisfied (8.0s < 10.0s)
242.0,J1,0,16,2,J1_J2,0.555,NORMAL,7.73,False,INACTIVE,False,KEEP_GREEN,minimum green not satisfied (6.0s < 10.0s)
242.0,J2,0,17,1,J2_J3,0.041,NORMAL,1.2,False,INACTIVE,False,KEEP_GREEN,minimum green not satisfied (3.0s < 10.0s)
242.0,J3,0,0,3,J3_J4,0.213,NORMAL,10.93,False,INACTIVE,False,START_TRANSITION,cross queue (3) exceeds main queue (0)
242.0,J4,0,0,1,J4_E5,0.128,NORMAL,5.6,False,INACTIVE,False,KEEP_GREEN,minimum green not satisfied (9.0s < 10.0s)
243.0,J1,0,15,2,J1_J2,0.555,NORMAL,8.4,False,INACTIVE,False,KEEP_GREEN,minimum green not satisfied (7.0s < 10.0s)
243.0,J2,0,15,2,J2_J3,0.041,NORMAL,2.0,False,INACTIVE,False,KEEP_GREEN,minimum green not satisfied (4.0s < 10.0s)
243.0,J3,1,0,3,J3_J4,0.232,NORMAL,11.73,False,INACTIVE,False,HOLD,clearance phase active
243.0,J4,0,0,1,J4_E5,0.128,NORMAL,6.4,False,INACTIVE,False,START_TRANSITION,main queue empty and cross queue waiting (1)
244.0,J1,0,14,3,J1_J2,0.555,NORMAL,9.2,False,INACTIVE,False,KEEP_GREEN,minimum green not satisfied (8.0s < 10.0s)
244.0,J2,0,13,2,J2_J3,0.082,NORMAL,2.4,False,INACTIVE,False,KEEP_GREEN,minimum green not satisfied (5.0s < 10.0s)
244.0,J3,1,0,3,J3_J4,0.232,NORMAL,12.53,False,INACTIVE,False,HOLD,clearance phase active
244.0,J4,1,0,2,J4_E5,0.165,NORMAL,5.6,False,INACTIVE,False,HOLD,clearance phase active
245.0,J1,0,13,3,J1_J2,0.595,NORMAL,10.0,False,INACTIVE,False,KEEP_GREEN,minimum green not satisfied (9.0s < 10.0s)
245.0,J2,0,11,2,J2_J3,0.082,NORMAL,3.07,False,INACTIVE,False,KEEP_GREEN,minimum green not satisfied (6.0s < 10.0s)
245.0,J3,1,0,3,J3_J4,0.232,NORMAL,13.33,False,INACTIVE,False,HOLD,clearance phase active
245.0,J4,1,1,2,J4_E5,0.165,NORMAL,6.4,False,INACTIVE,False,HOLD,clearance phase active
246.0,J1,0,11,3,J1_J2,0.595,NORMAL,9.9,False,INACTIVE,False,EXTEND_GREEN,"high main queue (11), extending green"
246.0,J2,0,9,3,J2_J3,0.122,NORMAL,3.87,False,INACTIVE,False,KEEP_GREEN,minimum green not satisfied (7.0s < 10.0s)
246.0,J3,2,0,3,J3_J4,0.232,NORMAL,14.13,False,INACTIVE,False,HOLD,clearance phase active
246.0,J4,1,1,2,J4_E5,0.165,NORMAL,7.2,False,INACTIVE,False,HOLD,clearance phase active
247.0,J1,0,10,4,J1_J2,0.575,NORMAL,10.7,False,INACTIVE,False,EXTEND_GREEN,"high main queue (10), extending green"
247.0,J2,0,8,3,J2_J3,0.122,NORMAL,4.67,False,INACTIVE,False,KEEP_GREEN,minimum green not satisfied (8.0s < 10.0s)
247.0,J3,2,0,3,J3_J4,0.232,NORMAL,14.93,False,INACTIVE,False,HOLD,clearance phase active
247.0,J4,2,2,2,J4_E5,0.165,NORMAL,8.0,False,INACTIVE,False,HOLD,clearance phase active
248.0,J1,0,8,5,J1_J2,0.594,NORMAL,10.88,False,INACTIVE,False,EXTEND_GREEN,"high main queue (8), extending green"
248.0,J2,0,6,3,J2_J3,0.163,NORMAL,5.47,False,INACTIVE,False,KEEP_GREEN,minimum green not satisfied (9.0s < 10.0s)
248.0,J3,3,0,1,J3_J4,0.232,NORMAL,12.0,False,INACTIVE,False,KEEP_GREEN,minimum green not satisfied (0.0s < 10.0s)
248.0,J4,2,2,2,J4_E5,0.165,NORMAL,8.8,False,INACTIVE,False,HOLD,clearance phase active
249.0,J1,0,6,5,J1_J2,0.575,NORMAL,11.68,False,INACTIVE,False,EXTEND_GREEN,"high main queue (6), extending green"
249.0,J2,0,5,4,J2_J3,0.163,NORMAL,5.7,False,INACTIVE,False,EXTEND_GREEN,"high main queue (5), extending green"
249.0,J3,3,0,0,J3_J4,0.232,NORMAL,0.0,False,INACTIVE,False,KEEP_GREEN,minimum green not satisfied (1.0s < 10.0s)
249.0,J4,3,3,0,J4_E5,0.165,NORMAL,0.0,False,INACTIVE,False,KEEP_GREEN,minimum green not satisfied (0.0s < 10.0s)
250.0,J1,0,5,5,J1_J2,0.594,NORMAL,11.87,False,INACTIVE,False,EXTEND_GREEN,"high main queue (5), extending green"
250.0,J2,0,5,4,J2_J3,0.204,NORMAL,6.5,False,INACTIVE,False,EXTEND_GREEN,"high main queue (5), extending green"
250.0,J3,3,0,0,J3_J4,0.232,NORMAL,0.0,False,INACTIVE,False,KEEP_GREEN,minimum green not satisfied (2.0s < 10.0s)
250.0,J4,3,3,0,J4_E5,0.165,NORMAL,0.0,False,INACTIVE,False,KEEP_GREEN,minimum green not satisfied (1.0s < 10.0s)
251.0,J1,0,4,6,J1_J2,0.575,NORMAL,12.67,False,INACTIVE,False,START_TRANSITION,cross queue (6) exceeds main queue (4)
251.0,J2,0,5,4,J2_J3,0.204,NORMAL,7.3,False,INACTIVE,False,EXTEND_GREEN,"high main queue (5), extending green"
251.0,J3,3,0,0,J3_J4,0.232,NORMAL,0.0,False,INACTIVE,False,KEEP_GREEN,minimum green not satisfied (3.0s < 10.0s)
251.0,J4,3,3,0,J4_E5,0.147,NORMAL,0.0,False,INACTIVE,False,KEEP_GREEN,minimum green not satisfied (2.0s < 10.0s)
252.0,J1,1,5,6,J1_J2,0.575,NORMAL,13.47,False,INACTIVE,False,HOLD,clearance phase active
252.0,J2,0,3,4,J2_J3,0.245,NORMAL,7.44,False,INACTIVE,False,START_TRANSITION,cross queue (4) exceeds main queue (3)
252.0,J3,3,0,0,J3_J4,0.232,NORMAL,0.0,False,INACTIVE,False,KEEP_GREEN,minimum green not satisfied (4.0s < 10.0s)
252.0,J4,3,3,0,J4_E5,0.147,NORMAL,0.0,False,INACTIVE,False,KEEP_GREEN,minimum green not satisfied (3.0s < 10.0s)
253.0,J1,1,3,6,J1_J2,0.594,NORMAL,14.27,False,INACTIVE,False,HOLD,clearance phase active
253.0,J2,1,1,5,J2_J3,0.245,NORMAL,8.24,False,INACTIVE,False,HOLD,clearance phase active
253.0,J3,3,1,0,J3_J4,0.232,NORMAL,0.0,False,INACTIVE,False,KEEP_GREEN,minimum green not satisfied (5.0s < 10.0s)
253.0,J4,3,3,0,J4_E5,0.128,NORMAL,0.0,False,INACTIVE,False,KEEP_GREEN,minimum green not satisfied (4.0s < 10.0s)
254.0,J1,1,2,6,J1_J2,0.594,NORMAL,15.07,False,INACTIVE,False,HOLD,clearance phase active
254.0,J2,1,1,5,J2_J3,0.265,NORMAL,9.04,False,INACTIVE,False,HOLD,clearance phase active
254.0,J3,3,1,0,J3_J4,0.232,NORMAL,0.0,False,INACTIVE,False,KEEP_GREEN,minimum green not satisfied (6.0s < 10.0s)
254.0,J4,3,3,0,J4_E5,0.128,NORMAL,0.0,False,INACTIVE,False,KEEP_GREEN,minimum green not satisfied (5.0s < 10.0s)
255.0,J1,2,3,6,J1_J2,0.594,NORMAL,15.87,False,INACTIVE,False,HOLD,clearance phase active
255.0,J2,1,0,5,J2_J3,0.265,NORMAL,9.84,False,INACTIVE,False,HOLD,clearance phase active
255.0,J3,3,2,0,J3_J4,0.232,NORMAL,0.0,False,INACTIVE,False,KEEP_GREEN,minimum green not satisfied (7.0s < 10.0s)
255.0,J4,3,5,0,J4_E5,0.11,NORMAL,0.0,False,INACTIVE,False,KEEP_GREEN,minimum green not satisfied (6.0s < 10.0s)
256.0,J1,2,3,6,J1_J2,0.594,NORMAL,16.67,False,INACTIVE,False,HOLD,clearance phase active
256.0,J2,2,1,5,J2_J3,0.265,NORMAL,10.64,False,INACTIVE,False,HOLD,clearance phase active
256.0,J3,3,3,0,J3_J4,0.232,NORMAL,0.0,False,INACTIVE,False,KEEP_GREEN,minimum green not satisfied (8.0s < 10.0s)
256.0,J4,3,8,0,J4_E5,0.11,NORMAL,0.0,False,INACTIVE,False,KEEP_GREEN,minimum green not satisfied (7.0s < 10.0s)
257.0,J1,3,4,5,J1_J2,0.594,NORMAL,12.4,False,INACTIVE,False,KEEP_GREEN,minimum green not satisfied (0.0s < 10.0s)
257.0,J2,2,2,5,J2_J3,0.265,NORMAL,11.44,False,INACTIVE,False,HOLD,clearance phase active
257.0,J3,3,3,0,J3_J4,0.232,NORMAL,0.0,False,INACTIVE,False,KEEP_GREEN,minimum green not satisfied (9.0s < 10.0s)
257.0,J4,3,10,0,J4_E5,0.059,NORMAL,0.0,False,INACTIVE,False,KEEP_GREEN,minimum green not satisfied (8.0s < 10.0s)
258.0,J1,3,5,4,J1_J2,0.594,NORMAL,8.6,False,INACTIVE,False,KEEP_GREEN,minimum green not satisfied (1.0s < 10.0s)
258.0,J2,3,4,4,J2_J3,0.265,NORMAL,10.9,False,INACTIVE,False,KEEP_GREEN,minimum green not satisfied (0.0s < 10.0s)
258.0,J3,3,5,0,J3_J4,0.232,NORMAL,0.0,False,INACTIVE,False,START_TRANSITION,main queue (5) exceeds cross queue (0)
258.0,J4,3,11,0,J4_E5,0.059,NORMAL,0.0,False,INACTIVE,False,KEEP_GREEN,minimum green not satisfied (9.0s < 10.0s)
259.0,J1,3,7,2,J1_J2,0.594,NORMAL,2.2,False,INACTIVE,False,KEEP_GREEN,minimum green not satisfied (2.0s < 10.0s)
259.0,J2,3,5,3,J2_J3,0.265,NORMAL,9.87,False,INACTIVE,False,KEEP_GREEN,minimum green not satisfied (1.0s < 10.0s)
259.0,J3,4,5,0,J3_J4,0.232,NORMAL,0.0,False,INACTIVE,False,HOLD,clearance phase active
259.0,J4,3,12,0,J4_E5,0.039,NORMAL,0.0,False,INACTIVE,False,START_TRANSITION,main queue (12) exceeds cross queue (0)
260.0,J1,3,10,0,J1_J2,0.594,NORMAL,0.0,False,INACTIVE,False,KEEP_GREEN,minimum green not satisfied (3.0s < 10.0s)
260.0,J2,3,6,2,J2_J3,0.265,NORMAL,8.8,False,INACTIVE,False,KEEP_GREEN,minimum green not satisfied (2.0s < 10.0s)
260.0,J3,4,6,0,J3_J4,0.232,NORMAL,0.0,False,INACTIVE,False,HOLD,clearance phase active
260.0,J4,4,12,0,J4_E5,0.02,NORMAL,0.0,False,INACTIVE,False,HOLD,clearance phase active
261.0,J1,3,10,0,J1_J2,0.594,NORMAL,0.0,False,INACTIVE,False,KEEP_GREEN,minimum green not satisfied (4.0s < 10.0s)
261.0,J2,3,10,1,J2_J3,0.265,NORMAL,5.4,False,INACTIVE,False,KEEP_GREEN,minimum green not satisfied (3.0s < 10.0s)
261.0,J3,4,9,0,J3_J4,0.232,NORMAL,0.0,False,INACTIVE,False,HOLD,clearance phase active
261.0,J4,4,14,0,J4_E5,0.0,NORMAL,0.0,False,INACTIVE,False,HOLD,clearance phase active
262.0,J1,3,11,0,J1_J2,0.594,NORMAL,0.0,False,INACTIVE,False,KEEP_GREEN,minimum green not satisfied (5.0s < 10.0s)
262.0,J2,3,10,1,J2_J3,0.265,NORMAL,0.6,False,INACTIVE,False,KEEP_GREEN,minimum green not satisfied (4.0s < 10.0s)
262.0,J3,5,11,0,J3_J4,0.232,NORMAL,0.0,False,INACTIVE,False,HOLD,clearance phase active
262.0,J4,4,14,0,J4_E5,0.0,NORMAL,0.0,False,INACTIVE,False,HOLD,clearance phase active
263.0,J1,3,12,0,J1_J2,0.594,NORMAL,0.0,False,INACTIVE,False,KEEP_GREEN,minimum green not satisfied (6.0s < 10.0s)
263.0,J2,3,13,0,J2_J3,0.265,NORMAL,0.0,False,INACTIVE,False,KEEP_GREEN,minimum green not satisfied (5.0s < 10.0s)
263.0,J3,5,12,0,J3_J4,0.232,NORMAL,0.0,False,INACTIVE,False,HOLD,clearance phase active
263.0,J4,5,14,0,J4_E5,0.0,NORMAL,0.0,False,INACTIVE,False,HOLD,clearance phase active
264.0,J1,3,15,0,J1_J2,0.594,NORMAL,0.0,False,INACTIVE,False,KEEP_GREEN,minimum green not satisfied (7.0s < 10.0s)
264.0,J2,3,13,0,J2_J3,0.224,NORMAL,0.0,False,INACTIVE,False,KEEP_GREEN,minimum green not satisfied (6.0s < 10.0s)
264.0,J3,0,11,0,J3_J4,0.232,NORMAL,0.0,False,INACTIVE,False,KEEP_GREEN,minimum green not satisfied (0.0s < 10.0s)
264.0,J4,5,14,1,J4_E5,0.0,NORMAL,0.6,False,INACTIVE,False,HOLD,clearance phase active
265.0,J1,3,14,0,J1_J2,0.594,NORMAL,0.0,False,INACTIVE,False,KEEP_GREEN,minimum green not satisfied (8.0s < 10.0s)
265.0,J2,3,14,0,J2_J3,0.224,NORMAL,0.0,False,INACTIVE,False,KEEP_GREEN,minimum green not satisfied (7.0s < 10.0s)
265.0,J3,0,8,0,J3_J4,0.193,NORMAL,0.0,False,INACTIVE,False,KEEP_GREEN,minimum green not satisfied (1.0s < 10.0s)
265.0,J4,0,10,1,J4_E5,0.0,NORMAL,3.2,False,INACTIVE,False,KEEP_GREEN,minimum green not satisfied (0.0s < 10.0s)
266.0,J1,3,17,0,J1_J2,0.594,NORMAL,0.0,False,INACTIVE,False,KEEP_GREEN,minimum green not satisfied (9.0s < 10.0s)
266.0,J2,3,15,0,J2_J3,0.224,NORMAL,0.0,False,INACTIVE,False,KEEP_GREEN,minimum green not satisfied (8.0s < 10.0s)
266.0,J3,0,5,0,J3_J4,0.193,NORMAL,0.0,False,INACTIVE,False,KEEP_GREEN,minimum green not satisfied (2.0s < 10.0s)
266.0,J4,0,7,2,J4_E5,0.0,NORMAL,4.0,False,INACTIVE,False,KEEP_GREEN,minimum green not satisfied (1.0s < 10.0s)
267.0,J1,3,18,0,J1_J2,0.594,NORMAL,0.0,False,INACTIVE,False,START_TRANSITION,main queue (18) exceeds cross queue (0)
267.0,J2,3,16,0,J2_J3,0.184,NORMAL,0.0,False,INACTIVE,False,KEEP_GREEN,minimum green not satisfied (9.0s < 10.0s)
267.0,J3,0,1,0,J3_J4,0.231,NORMAL,0.0,False,INACTIVE,False,KEEP_GREEN,minimum green not satisfied (3.0s < 10.0s)
267.0,J4,0,4,2,J4_E5,0.0,NORMAL,4.8,False,INACTIVE,False,KEEP_GREEN,minimum green not satisfied (2.0s < 10.0s)
268.0,J1,4,21,0,J1_J2,0.594,NORMAL,0.0,False,INACTIVE,False,HOLD,clearance phase active
268.0,J2,3,18,0,J2_J3,0.184,NORMAL,0.0,False,INACTIVE,False,START_TRANSITION,main queue (18) exceeds cross queue (0)
268.0,J3,0,0,0,J3_J4,0.213,NORMAL,0.0,False,INACTIVE,False,KEEP_GREEN,minimum green not satisfied (4.0s < 10.0s)
268.0,J4,0,2,3,J4_E5,0.039,NORMAL,5.2,False,INACTIVE,False,KEEP_GREEN,minimum green not satisfied (3.0s < 10.0s)
269.0,J1,4,23,0,J1_J2,0.594,NORMAL,0.0,False,INACTIVE,False,HOLD,clearance phase active
269.0,J2,4,18,0,J2_J3,0.184,NORMAL,0.0,False,INACTIVE,False,HOLD,clearance phase active
269.0,J3,0,0,0,J3_J4,0.211,NORMAL,0.0,False,INACTIVE,False,KEEP_GREEN,minimum green not satisfied (5.0s < 10.0s)
269.0,J4,0,0,3,J4_E5,0.039,NORMAL,6.0,False,INACTIVE,False,KEEP_GREEN,minimum green not satisfied (4.0s < 10.0s)
270.0,J1,4,25,0,J1_J2,0.594,NORMAL,0.0,False,INACTIVE,False,HOLD,clearance phase active
270.0,J2,4,19,0,J2_J3,0.143,NORMAL,0.0,False,INACTIVE,False,HOLD,clearance phase active
270.0,J3,0,0,1,J3_J4,0.192,NORMAL,0.8,False,INACTIVE,False,KEEP_GREEN,minimum green not satisfied (6.0s < 10.0s)
270.0,J4,0,0,3,J4_E5,0.059,NORMAL,6.8,False,INACTIVE,False,KEEP_GREEN,minimum green not satisfied (5.0s < 10.0s)
271.0,J1,5,26,1,J1_J2,0.594,NORMAL,0.6,False,INACTIVE,False,HOLD,clearance phase active
271.0,J2,4,21,0,J2_J3,0.143,NORMAL,0.0,False,INACTIVE,False,HOLD,clearance phase active
271.0,J3,0,0,1,J3_J4,0.231,NORMAL,1.6,False,INACTIVE,False,KEEP_GREEN,minimum green not satisfied (7.0s < 10.0s)
271.0,J4,0,0,3,J4_E5,0.059,NORMAL,7.6,False,INACTIVE,False,KEEP_GREEN,minimum green not satisfied (6.0s < 10.0s)
272.0,J1,5,26,1,J1_J2,0.594,NORMAL,1.07,False,INACTIVE,False,HOLD,clearance phase active
272.0,J2,5,23,0,J2_J3,0.102,NORMAL,0.0,False,INACTIVE,False,HOLD,clearance phase active
272.0,J3,0,0,1,J3_J4,0.231,NORMAL,2.4,False,INACTIVE,False,KEEP_GREEN,minimum green not satisfied (8.0s < 10.0s)
272.0,J4,0,0,3,J4_E5,0.112,NORMAL,7.7,False,INACTIVE,False,KEEP_GREEN,minimum green not satisfied (7.0s < 10.0s)
273.0,J1,0,25,3,J1_J2,0.594,NORMAL,3.87,False,INACTIVE,False,KEEP_GREEN,minimum green not satisfied (0.0s < 10.0s)
273.0,J2,5,24,0,J2_J3,0.082,NORMAL,0.0,False,INACTIVE,False,HOLD,clearance phase active
273.0,J3,0,0,1,J3_J4,0.251,NORMAL,3.2,False,INACTIVE,False,KEEP_GREEN,minimum green not satisfied (9.0s < 10.0s)
273.0,J4,0,0,4,J4_E5,0.112,NORMAL,8.5,False,INACTIVE,False,KEEP_GREEN,minimum green not satisfied (8.0s < 10.0s)
274.0,J1,0,23,3,J1_J2,0.575,NORMAL,4.4,False,INACTIVE,False,KEEP_GREEN,minimum green not satisfied (1.0s < 10.0s)
274.0,J2,0,21,1,J2_J3,0.061,NORMAL,2.6,False,INACTIVE,False,KEEP_GREEN,minimum green not satisfied (0.0s < 10.0s)
274.0,J3,0,0,1,J3_J4,0.224,NORMAL,4.0,False,INACTIVE,False,START_TRANSITION,main queue empty and cross queue waiting (1)
274.0,J4,0,0,4,J4_E5,0.112,NORMAL,9.3,False,INACTIVE,False,KEEP_GREEN,minimum green not satisfied (9.0s < 10.0s)
275.0,J1,0,21,4,J1_J2,0.536,NORMAL,4.96,False,INACTIVE,False,KEEP_GREEN,minimum green not satisfied (2.0s < 10.0s)
275.0,J2,0,19,1,J2_J3,0.061,NORMAL,3.07,False,INACTIVE,False,KEEP_GREEN,minimum green not satisfied (1.0s < 10.0s)
275.0,J3,1,0,1,J3_J4,0.245,NORMAL,4.8,False,INACTIVE,False,HOLD,clearance phase active
275.0,J4,0,0,4,J4_E5,0.13,NORMAL,10.1,False,INACTIVE,False,START_TRANSITION,cross queue (4) exceeds main queue (0)
276.0,J1,0,21,4,J1_J2,0.575,NORMAL,5.68,False,INACTIVE,False,KEEP_GREEN,minimum green not satisfied (3.0s < 10.0s)
276.0,J2,0,18,2,J2_J3,0.061,NORMAL,3.73,False,INACTIVE,False,KEEP_GREEN,minimum green not satisfied (2.0s < 10.0s)
276.0,J3,1,0,1,J3_J4,0.245,NORMAL,5.6,False,INACTIVE,False,HOLD,clearance phase active
276.0,J4,1,0,4,J4_E5,0.168,NORMAL,10.9,False,INACTIVE,False,HOLD,clearance phase active
277.0,J1,0,21,4,J1_J2,0.556,NORMAL,6.4,False,INACTIVE,False,KEEP_GREEN,minimum green not satisfied (4.0s < 10.0s)
277.0,J2,0,17,3,J2_J3,0.082,NORMAL,4.3,False,INACTIVE,False,KEEP_GREEN,minimum green not satisfied (3.0s < 10.0s)
277.0,J3,1,1,1,J3_J4,0.245,NORMAL,6.4,False,INACTIVE,False,HOLD,clearance phase active
277.0,J4,1,0,4,J4_E5,0.186,NORMAL,11.7,False,INACTIVE,False,HOLD,clearance phase active
278.0,J1,0,19,5,J1_J2,0.595,NORMAL,6.87,False,INACTIVE,False,KEEP_GREEN,minimum green not satisfied (5.0s < 10.0s)
278.0,J2,0,15,3,J2_J3,0.082,NORMAL,5.0,False,INACTIVE,False,KEEP_GREEN,minimum green not satisfied (4.0s < 10.0s)
278.0,J3,2,2,1,J3_J4,0.245,NORMAL,5.4,False,INACTIVE,False,HOLD,clearance phase active
278.0,J4,1,0,5,J4_E5,0.186,NORMAL,11.68,False,INACTIVE,False,HOLD,clearance phase active
279.0,J1,0,17,6,J1_J2,0.576,NORMAL,7.67,False,INACTIVE,False,KEEP_GREEN,minimum green not satisfied (6.0s < 10.0s)
279.0,J2,0,13,4,J2_J3,0.133,NORMAL,5.8,False,INACTIVE,False,KEEP_GREEN,minimum green not satisfied (5.0s < 10.0s)
279.0,J3,2,2,1,J3_J4,0.245,NORMAL,6.0,False,INACTIVE,False,HOLD,clearance phase active
279.0,J4,2,0,5,J4_E5,0.186,NORMAL,12.48,False,INACTIVE,False,HOLD,clearance phase active
280.0,J1,0,16,6,J1_J2,0.595,NORMAL,8.47,False,INACTIVE,False,KEEP_GREEN,minimum green not satisfied (7.0s < 10.0s)
280.0,J2,0,11,4,J2_J3,0.133,NORMAL,6.6,False,INACTIVE,False,KEEP_GREEN,minimum green not satisfied (6.0s < 10.0s)
280.0,J3,3,3,0,J3_J4,0.245,NORMAL,0.0,False,INACTIVE,False,KEEP_GREEN,minimum green not satisfied (0.0s < 10.0s)
280.0,J4,2,2,5,J4_E5,0.186,NORMAL,13.28,False,INACTIVE,False,HOLD,clearance phase active
281.0,J1,0,16,6,J1_J2,0.595,NORMAL,9.27,False,INACTIVE,False,KEEP_GREEN,minimum green not satisfied (8.0s < 10.0s)
281.0,J2,0,9,4,J2_J3,0.152,NORMAL,7.4,False,INACTIVE,False,KEEP_GREEN,minimum green not satisfied (7.0s < 10.0s)
281.0,J3,3,4,0,J3_J4,0.245,NORMAL,0.0,False,INACTIVE,False,KEEP_GREEN,minimum green not satisfied (1.0s < 10.0s)
281.0,J4,3,2,3,J4_E5,0.186,NORMAL,9.3,False,INACTIVE,False,KEEP_GREEN,minimum green not satisfied (0.0s < 10.0s)
282.0,J1,0,15,6,J1_J2,0.595,NORMAL,10.07,False,INACTIVE,False,KEEP_GREEN,minimum green not satisfied (9.0s < 10.0s)
282.0,J2,0,8,4,J2_J3,0.152,NORMAL,7.68,False,INACTIVE,False,KEEP_GREEN,minimum green not satisfied (8.0s < 10.0s)
282.0,J3,3,4,0,J3_J4,0.245,NORMAL,0.0,False,INACTIVE,False,KEEP_GREEN,minimum green not satisfied (2.0s < 10.0s)
282.0,J4,3,2,2,J4_E5,0.186,NORMAL,3.2,False,INACTIVE,False,KEEP_GREEN,minimum green not satisfied (1.0s < 10.0s)
283.0,J1,0,13,6,J1_J2,0.577,NORMAL,10.87,False,INACTIVE,False,EXTEND_GREEN,"high main queue (13), extending green"
283.0,J2,0,6,5,J2_J3,0.19,NORMAL,8.48,False,INACTIVE,False,KEEP_GREEN,minimum green not satisfied (9.0s < 10.0s)
283.0,J3,3,4,0,J3_J4,0.245,NORMAL,0.0,False,INACTIVE,False,KEEP_GREEN,minimum green not satisfied (3.0s < 10.0s)
283.0,J4,3,3,0,J4_E5,0.148,NORMAL,0.0,False,INACTIVE,False,KEEP_GREEN,minimum green not satisfied (2.0s < 10.0s)
284.0,J1,0,11,6,J1_J2,0.614,NORMAL,11.67,False,INACTIVE,False,EXTEND_GREEN,"high main queue (11), extending green"
284.0,J2,0,5,5,J2_J3,0.19,NORMAL,8.8,False,INACTIVE,False,EXTEND_GREEN,"high main queue (5), extending green"
284.0,J3,3,5,0,J3_J4,0.245,NORMAL,0.0,False,INACTIVE,False,KEEP_GREEN,minimum green not satisfied (4.0s < 10.0s)
284.0,J4,3,3,0,J4_E5,0.148,NORMAL,0.0,False,INACTIVE,False,KEEP_GREEN,minimum green not satisfied (3.0s < 10.0s)
285.0,J1,0,10,6,J1_J2,0.556,NORMAL,12.47,False,INACTIVE,False,EXTEND_GREEN,"high main queue (10), extending green"
285.0,J2,0,4,5,J2_J3,0.228,NORMAL,9.14,False,INACTIVE,False,START_TRANSITION,cross queue (5) exceeds main queue (4)
285.0,J3,3,5,0,J3_J4,0.245,NORMAL,0.0,False,INACTIVE,False,KEEP_GREEN,minimum green not satisfied (5.0s < 10.0s)
285.0,J4,3,3,0,J4_E5,0.148,NORMAL,0.0,False,INACTIVE,False,KEEP_GREEN,minimum green not satisfied (4.0s < 10.0s)
286.0,J1,0,9,6,J1_J2,0.575,NORMAL,12.57,False,INACTIVE,False,EXTEND_GREEN,"high main queue (9), extending green"
286.0,J2,1,2,7,J2_J3,0.228,NORMAL,9.94,False,INACTIVE,False,HOLD,clearance phase active
286.0,J3,3,6,0,J3_J4,0.245,NORMAL,0.0,False,INACTIVE,False,KEEP_GREEN,minimum green not satisfied (6.0s < 10.0s)
286.0,J4,3,5,0,J4_E5,0.13,NORMAL,0.0,False,INACTIVE,False,KEEP_GREEN,minimum green not satisfied (5.0s < 10.0s)
287.0,J1,0,8,7,J1_J2,0.575,NORMAL,13.37,False,INACTIVE,False,EXTEND_GREEN,"high main queue (8), extending green"
287.0,J2,1,3,7,J2_J3,0.286,NORMAL,10.74,False,INACTIVE,False,HOLD,clearance phase active
287.0,J3,3,6,0,J3_J4,0.245,NORMAL,0.0,False,INACTIVE,False,KEEP_GREEN,minimum green not satisfied (7.0s < 10.0s)
287.0,J4,3,5,0,J4_E5,0.13,NORMAL,0.0,False,INACTIVE,False,KEEP_GREEN,minimum green not satisfied (6.0s < 10.0s)
288.0,J1,0,6,7,J1_J2,0.614,NORMAL,14.17,False,INACTIVE,False,START_TRANSITION,cross queue (7) exceeds main queue (6)
288.0,J2,1,2,7,J2_J3,0.286,NORMAL,11.54,False,INACTIVE,False,HOLD,clearance phase active
288.0,J3,3,6,0,J3_J4,0.245,NORMAL,0.0,False,INACTIVE,False,KEEP_GREEN,minimum green not satisfied (8.0s < 10.0s)
288.0,J4,3,8,0,J4_E5,0.13,NORMAL,0.0,False,INACTIVE,False,KEEP_GREEN,minimum green not satisfied (7.0s < 10.0s)
289.0,J1,1,5,7,J1_J2,0.614,NORMAL,14.97,False,INACTIVE,False,HOLD,clearance phase active
289.0,J2,2,3,7,J2_J3,0.286,NORMAL,12.34,False,INACTIVE,False,HOLD,clearance phase active
289.0,J3,3,7,0,J3_J4,0.245,NORMAL,0.0,False,INACTIVE,False,KEEP_GREEN,minimum green not satisfied (9.0s < 10.0s)
289.0,J4,3,9,0,J4_E5,0.13,NORMAL,0.0,False,INACTIVE,False,KEEP_GREEN,minimum green not satisfied (8.0s < 10.0s)
290.0,J1,1,3,7,J1_J2,0.614,NORMAL,15.77,False,INACTIVE,False,HOLD,clearance phase active
290.0,J2,2,3,7,J2_J3,0.286,NORMAL,13.14,False,INACTIVE,False,HOLD,clearance phase active
290.0,J3,3,8,0,J3_J4,0.245,NORMAL,0.0,False,INACTIVE,False,START_TRANSITION,main queue (8) exceeds cross queue (0)
290.0,J4,3,12,0,J4_E5,0.112,NORMAL,0.0,False,INACTIVE,False,KEEP_GREEN,minimum green not satisfied (9.0s < 10.0s)
291.0,J1,1,4,7,J1_J2,0.614,NORMAL,16.57,False,INACTIVE,False,HOLD,clearance phase active
291.0,J2,3,3,5,J2_J3,0.286,NORMAL,10.33,False,INACTIVE,False,KEEP_GREEN,minimum green not satisfied (0.0s < 10.0s)
291.0,J3,4,8,0,J3_J4,0.245,NORMAL,0.0,False,INACTIVE,False,HOLD,clearance phase active
291.0,J4,3,13,0,J4_E5,0.093,NORMAL,0.0,False,INACTIVE,False,START_TRANSITION,main queue (13) exceeds cross queue (0)
292.0,J1,2,5,7,J1_J2,0.614,NORMAL,17.37,False,INACTIVE,False,HOLD,clearance phase active
292.0,J2,3,3,4,J2_J3,0.286,NORMAL,11.1,False,INACTIVE,False,KEEP_GREEN,minimum green not satisfied (1.0s < 10.0s)
292.0,J3,4,8,0,J3_J4,0.245,NORMAL,0.0,False,INACTIVE,False,HOLD,clearance phase active
292.0,J4,4,15,0,J4_E5,0.056,NORMAL,0.0,False,INACTIVE,False,HOLD,clearance phase active
293.0,J1,2,5,7,J1_J2,0.614,NORMAL,18.17,False,INACTIVE,False,HOLD,clearance phase active
293.0,J2,3,6,3,J2_J3,0.286,NORMAL,10.53,False,INACTIVE,False,KEEP_GREEN,minimum green not satisfied (2.0s < 10.0s)
293.0,J3,4,8,0,J3_J4,0.245,NORMAL,0.0,False,INACTIVE,False,HOLD,clearance phase active
293.0,J4,4,15,0,J4_E5,0.038,NORMAL,0.0,False,INACTIVE,False,HOLD,clearance phase active
294.0,J1,3,6,5,J1_J2,0.614,NORMAL,15.44,False,INACTIVE,False,KEEP_GREEN,minimum green not satisfied (0.0s < 10.0s)
294.0,J2,3,7,2,J2_J3,0.286,NORMAL,9.0,False,INACTIVE,False,KEEP_GREEN,minimum green not satisfied (3.0s < 10.0s)
294.0,J3,5,9,0,J3_J4,0.245,NORMAL,0.0,False,INACTIVE,False,HOLD,clearance phase active
294.0,J4,4,15,0,J4_E5,0.038,NORMAL,0.0,False,INACTIVE,False,HOLD,clearance phase active
295.0,J1,3,6,3,J1_J2,0.614,NORMAL,15.87,False,INACTIVE,False,KEEP_GREEN,minimum green not satisfied (1.0s < 10.0s)
295.0,J2,3,10,1,J2_J3,0.286,NORMAL,8.0,False,INACTIVE,False,KEEP_GREEN,minimum green not satisfied (4.0s < 10.0s)
295.0,J3,5,11,0,J3_J4,0.245,NORMAL,0.0,False,INACTIVE,False,HOLD,clearance phase active
295.0,J4,5,17,0,J4_E5,0.0,NORMAL,0.0,False,INACTIVE,False,HOLD,clearance phase active
296.0,J1,3,9,2,J1_J2,0.614,NORMAL,15.0,False,INACTIVE,False,KEEP_GREEN,minimum green not satisfied (2.0s < 10.0s)
296.0,J2,3,11,0,J2_J3,0.249,NORMAL,0.0,False,INACTIVE,False,KEEP_GREEN,minimum green not satisfied (5.0s < 10.0s)
296.0,J3,0,7,0,J3_J4,0.245,NORMAL,0.0,False,INACTIVE,False,KEEP_GREEN,minimum green not satisfied (0.0s < 10.0s)
296.0,J4,5,17,0,J4_E5,0.0,NORMAL,0.0,False,INACTIVE,False,HOLD,clearance phase active
297.0,J1,3,10,1,J1_J2,0.614,NORMAL,15.2,False,INACTIVE,False,KEEP_GREEN,minimum green not satisfied (3.0s < 10.0s)
297.0,J2,3,13,0,J2_J3,0.249,NORMAL,0.0,False,INACTIVE,False,KEEP_GREEN,minimum green not satisfied (6.0s < 10.0s)
297.0,J3,0,4,0,J3_J4,0.204,NORMAL,0.0,False,INACTIVE,False,KEEP_GREEN,minimum green not satisfied (1.0s < 10.0s)
297.0,J4,0,13,0,J4_E5,0.0,NORMAL,2.0,False,INACTIVE,False,KEEP_GREEN,minimum green not satisfied (0.0s < 10.0s)
298.0,J1,3,11,0,J1_J2,0.614,NORMAL,0.0,False,INACTIVE,False,KEEP_GREEN,minimum green not satisfied (4.0s < 10.0s)
298.0,J2,3,13,0,J2_J3,0.249,NORMAL,0.0,False,INACTIVE,False,KEEP_GREEN,minimum green not satisfied (7.0s < 10.0s)
298.0,J3,0,1,0,J3_J4,0.204,NORMAL,0.0,False,INACTIVE,False,KEEP_GREEN,minimum green not satisfied (2.0s < 10.0s)
298.0,J4,0,9,1,J4_E5,0.0,NORMAL,2.8,False,INACTIVE,False,KEEP_GREEN,minimum green not satisfied (1.0s < 10.0s)
299.0,J1,3,13,0,J1_J2,0.614,NORMAL,0.0,False,INACTIVE,False,KEEP_GREEN,minimum green not satisfied (5.0s < 10.0s)
299.0,J2,3,14,0,J2_J3,0.211,NORMAL,0.0,False,INACTIVE,False,KEEP_GREEN,minimum green not satisfied (8.0s < 10.0s)
299.0,J3,0,1,0,J3_J4,0.245,NORMAL,0.0,False,INACTIVE,False,KEEP_GREEN,minimum green not satisfied (3.0s < 10.0s)
299.0,J4,0,7,1,J4_E5,0.0,NORMAL,3.2,False,INACTIVE,False,KEEP_GREEN,minimum green not satisfied (2.0s < 10.0s)
300.0,J1,3,14,0,J1_J2,0.614,NORMAL,0.0,False,INACTIVE,False,KEEP_GREEN,minimum green not satisfied (6.0s < 10.0s)
300.0,J2,3,16,0,J2_J3,0.211,NORMAL,0.0,False,INACTIVE,False,KEEP_GREEN,minimum green not satisfied (9.0s < 10.0s)
300.0,J3,0,0,0,J3_J4,0.204,NORMAL,0.0,False,INACTIVE,False,KEEP_GREEN,minimum green not satisfied (4.0s < 10.0s)
300.0,J4,0,4,2,J4_E5,0.039,NORMAL,4.0,False,INACTIVE,False,KEEP_GREEN,minimum green not satisfied (3.0s < 10.0s)
301.0,J1,3,16,0,J1_J2,0.614,NORMAL,0.0,False,INACTIVE,False,KEEP_GREEN,minimum green not satisfied (7.0s < 10.0s)
301.0,J2,3,17,0,J2_J3,0.192,NORMAL,0.0,False,INACTIVE,False,START_TRANSITION,main queue (17) exceeds cross queue (0)
301.0,J3,0,0,0,J3_J4,0.245,NORMAL,0.0,False,INACTIVE,False,KEEP_GREEN,minimum green not satisfied (5.0s < 10.0s)
301.0,J4,0,2,2,J4_E5,0.059,NORMAL,4.8,False,INACTIVE,False,KEEP_GREEN,minimum green not satisfied (4.0s < 10.0s)
302.0,J1,3,19,0,J1_J2,0.614,NORMAL,0.0,False,INACTIVE,False,KEEP_GREEN,minimum green not satisfied (8.0s < 10.0s)
302.0,J2,4,18,0,J2_J3,0.153,NORMAL,0.0,False,INACTIVE,False,HOLD,clearance phase active
302.0,J3,0,0,0,J3_J4,0.224,NORMAL,0.0,False,INACTIVE,False,KEEP_GREEN,minimum green not satisfied (6.0s < 10.0s)
302.0,J4,0,0,2,J4_E5,0.078,NORMAL,5.6,False,INACTIVE,False,KEEP_GREEN,minimum green not satisfied (5.0s < 10.0s)
303.0,J1,3,19,0,J1_J2,0.614,NORMAL,0.0,False,INACTIVE,False,KEEP_GREEN,minimum green not satisfied (9.0s < 10.0s)
303.0,J2,4,20,0,J2_J3,0.153,NORMAL,0.0,False,INACTIVE,False,HOLD,clearance phase active
303.0,J3,0,0,0,J3_J4,0.224,NORMAL,0.0,False,INACTIVE,False,KEEP_GREEN,minimum green not satisfied (7.0s < 10.0s)
303.0,J4,0,0,2,J4_E5,0.078,NORMAL,6.4,False,INACTIVE,False,KEEP_GREEN,minimum green not satisfied (6.0s < 10.0s)
304.0,J1,3,21,0,J1_J2,0.614,NORMAL,0.0,False,INACTIVE,False,START_TRANSITION,main queue (21) exceeds cross queue (0)
304.0,J2,4,21,0,J2_J3,0.134,NORMAL,0.0,False,INACTIVE,False,HOLD,clearance phase active
304.0,J3,0,0,0,J3_J4,0.228,NORMAL,0.0,False,INACTIVE,False,KEEP_GREEN,minimum green not satisfied (8.0s < 10.0s)
304.0,J4,0,0,2,J4_E5,0.098,NORMAL,7.2,False,INACTIVE,False,KEEP_GREEN,minimum green not satisfied (7.0s < 10.0s)
305.0,J1,4,25,0,J1_J2,0.614,NORMAL,0.0,False,INACTIVE,False,HOLD,clearance phase active
305.0,J2,5,23,0,J2_J3,0.134,NORMAL,0.0,False,INACTIVE,False,HOLD,clearance phase active
305.0,J3,0,0,0,J3_J4,0.228,NORMAL,0.0,False,INACTIVE,False,KEEP_GREEN,minimum green not satisfied (9.0s < 10.0s)
305.0,J4,0,0,2,J4_E5,0.137,NORMAL,8.0,False,INACTIVE,False,KEEP_GREEN,minimum green not satisfied (8.0s < 10.0s)
306.0,J1,4,26,0,J1_J2,0.614,NORMAL,0.0,False,INACTIVE,False,HOLD,clearance phase active
306.0,J2,5,22,1,J2_J3,0.096,NORMAL,0.8,False,INACTIVE,False,HOLD,clearance phase active
306.0,J3,0,0,1,J3_J4,0.21,NORMAL,0.8,False,INACTIVE,False,START_TRANSITION,main queue empty and cross queue waiting (1)
306.0,J4,0,0,2,J4_E5,0.137,NORMAL,8.8,False,INACTIVE,False,KEEP_GREEN,minimum green not satisfied (9.0s < 10.0s)
307.0,J1,4,28,0,J1_J2,0.614,NORMAL,0.0,False,INACTIVE,False,HOLD,clearance phase active
307.0,J2,0,21,1,J2_J3,0.096,NORMAL,3.2,False,INACTIVE,False,KEEP_GREEN,minimum green not satisfied (0.0s < 10.0s)
307.0,J3,1,0,1,J3_J4,0.228,NORMAL,1.6,False,INACTIVE,False,HOLD,clearance phase active
307.0,J4,0,0,2,J4_E5,0.176,NORMAL,9.6,False,INACTIVE,False,START_TRANSITION,main queue empty and cross queue waiting (2)
308.0,J1,5,30,0,J1_J2,0.536,NORMAL,0.0,False,INACTIVE,False,HOLD,clearance phase active
308.0,J2,0,19,2,J2_J3,0.096,NORMAL,4.0,False,INACTIVE,False,KEEP_GREEN,minimum green not satisfied (1.0s < 10.0s)
308.0,J3,1,0,1,J3_J4,0.209,NORMAL,2.4,False,INACTIVE,False,HOLD,clearance phase active
308.0,J4,1,0,2,J4_E5,0.176,NORMAL,9.07,False,INACTIVE,False,HOLD,clearance phase active
309.0,J1,5,31,0,J1_J2,0.536,NORMAL,0.0,False,INACTIVE,False,HOLD,clearance phase active
309.0,J2,0,18,2,J2_J3,0.096,NORMAL,4.2,False,INACTIVE,False,KEEP_GREEN,minimum green not satisfied (2.0s < 10.0s)
309.0,J3,1,0,1,J3_J4,0.209,NORMAL,2.4,False,INACTIVE,False,HOLD,clearance phase active
309.0,J4,1,0,3,J4_E5,0.216,NORMAL,9.87,False,INACTIVE,False,HOLD,clearance phase active
310.0,J1,0,28,0,J1_J2,0.536,NORMAL,2.0,False,INACTIVE,False,KEEP_GREEN,minimum green not satisfied (0.0s < 10.0s)
310.0,J2,0,17,4,J2_J3,0.096,NORMAL,5.0,False,INACTIVE,False,KEEP_GREEN,minimum green not satisfied (3.0s < 10.0s)
310.0,J3,2,2,2,J3_J4,0.209,NORMAL,3.2,False,INACTIVE,False,HOLD,clearance phase active
310.0,J4,1,0,3,J4_E5,0.216,NORMAL,10.67,False,INACTIVE,False,HOLD,clearance phase active
311.0,J1,0,26,1,J1_J2,0.536,NORMAL,2.8,False,INACTIVE,False,KEEP_GREEN,minimum green not satisfied (1.0s < 10.0s)
311.0,J2,0,16,5,J2_J3,0.096,NORMAL,5.6,False,INACTIVE,False,KEEP_GREEN,minimum green not satisfied (4.0s < 10.0s)
311.0,J3,2,3,2,J3_J4,0.209,NORMAL,3.47,False,INACTIVE,False,HOLD,clearance phase active
311.0,J4,2,0,3,J4_E5,0.216,NORMAL,11.47,False,INACTIVE,False,HOLD,clearance phase active
312.0,J1,0,23,1,J1_J2,0.536,NORMAL,3.6,False,INACTIVE,False,KEEP_GREEN,minimum green not satisfied (2.0s < 10.0s)
312.0,J2,0,14,5,J2_J3,0.175,NORMAL,6.4,False,INACTIVE,False,KEEP_GREEN,minimum green not satisfied (5.0s < 10.0s)
312.0,J3,3,4,0,J3_J4,0.209,NORMAL,0.0,False,INACTIVE,False,KEEP_GREEN,minimum green not satisfied (0.0s < 10.0s)
312.0,J4,2,2,3,J4_E5,0.216,NORMAL,12.27,False,INACTIVE,False,HOLD,clearance phase active
313.0,J1,0,21,1,J1_J2,0.517,NORMAL,4.4,False,INACTIVE,False,KEEP_GREEN,minimum green not satisfied (3.0s < 10.0s)
313.0,J2,0,14,5,J2_J3,0.175,NORMAL,7.2,False,INACTIVE,False,KEEP_GREEN,minimum green not satisfied (6.0s < 10.0s)
313.0,J3,3,4,0,J3_J4,0.209,NORMAL,0.0,False,INACTIVE,False,KEEP_GREEN,minimum green not satisfied (1.0s < 10.0s)
313.0,J4,3,2,2,J4_E5,0.216,NORMAL,9.4,False,INACTIVE,False,KEEP_GREEN,minimum green not satisfied (0.0s < 10.0s)
314.0,J1,0,20,1,J1_J2,0.517,NORMAL,5.2,False,INACTIVE,False,KEEP_GREEN,minimum green not satisfied (4.0s < 10.0s)
314.0,J2,0,13,5,J2_J3,0.175,NORMAL,8.0,False,INACTIVE,False,KEEP_GREEN,minimum green not satisfied (7.0s < 10.0s)
314.0,J3,3,4,0,J3_J4,0.209,NORMAL,0.0,False,INACTIVE,False,KEEP_GREEN,minimum green not satisfied (2.0s < 10.0s)
314.0,J4,3,3,1,J4_E5,0.216,NORMAL,4.8,False,INACTIVE,False,KEEP_GREEN,minimum green not satisfied (1.0s < 10.0s)
315.0,J1,0,18,1,J1_J2,0.575,NORMAL,5.0,False,INACTIVE,False,KEEP_GREEN,minimum green not satisfied (5.0s < 10.0s)
315.0,J2,0,11,5,J2_J3,0.194,NORMAL,8.8,False,INACTIVE,False,KEEP_GREEN,minimum green not satisfied (8.0s < 10.0s)
315.0,J3,3,4,0,J3_J4,0.209,NORMAL,0.0,False,INACTIVE,False,KEEP_GREEN,minimum green not satisfied (3.0s < 10.0s)
315.0,J4,3,3,0,J4_E5,0.196,NORMAL,0.0,False,INACTIVE,False,KEEP_GREEN,minimum green not satisfied (2.0s < 10.0s)
316.0,J1,0,18,1,J1_J2,0.537,NORMAL,5.6,False,INACTIVE,False,KEEP_GREEN,minimum green not satisfied (6.0s < 10.0s)
316.0,J2,0,9,5,J2_J3,0.213,NORMAL,9.6,False,INACTIVE,False,KEEP_GREEN,minimum green not satisfied (9.0s < 10.0s)
316.0,J3,3,4,0,J3_J4,0.209,NORMAL,0.0,False,INACTIVE,False,KEEP_GREEN,minimum green not satisfied (4.0s < 10.0s)
316.0,J4,3,5,0,J4_E5,0.176,NORMAL,0.0,False,INACTIVE,False,KEEP_GREEN,minimum green not satisfied (3.0s < 10.0s)
317.0,J1,0,17,2,J1_J2,0.556,NORMAL,6.4,False,INACTIVE,False,KEEP_GREEN,minimum green not satisfied (7.0s < 10.0s)
317.0,J2,0,7,5,J2_J3,0.213,NORMAL,10.4,False,INACTIVE,False,EXTEND_GREEN,"high main queue (7), extending green"
317.0,J3,3,4,0,J3_J4,0.209,NORMAL,0.0,False,INACTIVE,False,KEEP_GREEN,minimum green not satisfied (5.0s < 10.0s)
317.0,J4,3,6,0,J4_E5,0.157,NORMAL,0.0,False,INACTIVE,False,KEEP_GREEN,minimum green not satisfied (4.0s < 10.0s)
318.0,J1,0,18,2,J1_J2,0.594,NORMAL,7.2,False,INACTIVE,False,KEEP_GREEN,minimum green not satisfied (8.0s < 10.0s)
318.0,J2,0,5,5,J2_J3,0.251,NORMAL,11.2,False,INACTIVE,False,EXTEND_GREEN,"high main queue (5), extending green"
318.0,J3,3,4,0,J3_J4,0.209,NORMAL,0.0,False,INACTIVE,False,KEEP_GREEN,minimum green not satisfied (6.0s < 10.0s)
318.0,J4,3,8,0,J4_E5,0.157,NORMAL,0.0,False,INACTIVE,False,KEEP_GREEN,minimum green not satisfied (5.0s < 10.0s)
319.0,J1,0,18,2,J1_J2,0.516,NORMAL,8.0,False,INACTIVE,False,KEEP_GREEN,minimum green not satisfied (9.0s < 10.0s)
319.0,J2,0,3,5,J2_J3,0.251,NORMAL,12.0,False,INACTIVE,False,START_TRANSITION,cross queue (5) exceeds main queue (3)
319.0,J3,3,5,0,J3_J4,0.209,NORMAL,0.0,False,INACTIVE,False,KEEP_GREEN,minimum green not satisfied (7.0s < 10.0s)
319.0,J4,3,10,0,J4_E5,0.118,NORMAL,0.0,False,INACTIVE,False,KEEP_GREEN,minimum green not satisfied (6.0s < 10.0s)
320.0,J1,0,18,2,J1_J2,0.554,NORMAL,8.8,False,INACTIVE,False,EXTEND_GREEN,"high main queue (18), extending green"
320.0,J2,1,2,5,J2_J3,0.329,NORMAL,12.8,False,INACTIVE,False,HOLD,clearance phase active
320.0,J3,3,6,0,J3_J4,0.209,NORMAL,0.0,False,INACTIVE,False,KEEP_GREEN,minimum green not satisfied (8.0s < 10.0s)
320.0,J4,3,10,0,J4_E5,0.118,NORMAL,0.0,False,INACTIVE,False,KEEP_GREEN,minimum green not satisfied (7.0s < 10.0s)
321.0,J1,0,17,2,J1_J2,0.554,NORMAL,9.6,False,INACTIVE,False,EXTEND_GREEN,"high main queue (17), extending green"
321.0,J2,1,0,5,J2_J3,0.329,NORMAL,13.6,False,INACTIVE,False,HOLD,clearance phase active
321.0,J3,3,7,0,J3_J4,0.209,NORMAL,0.0,False,INACTIVE,False,KEEP_GREEN,minimum green not satisfied (9.0s < 10.0s)
321.0,J4,3,10,0,J4_E5,0.078,NORMAL,0.0,False,INACTIVE,False,KEEP_GREEN,minimum green not satisfied (8.0s < 10.0s)
322.0,J1,0,15,2,J1_J2,0.573,NORMAL,10.4,False,INACTIVE,False,EXTEND_GREEN,"high main queue (15), extending green"
322.0,J2,1,0,5,J2_J3,0.329,NORMAL,14.4,False,INACTIVE,False,HOLD,clearance phase active
322.0,J3,3,8,0,J3_J4,0.209,NORMAL,0.0,False,INACTIVE,False,START_TRANSITION,main queue (8) exceeds cross queue (0)
322.0,J4,3,11,0,J4_E5,0.059,NORMAL,0.0,False,INACTIVE,False,KEEP_GREEN,minimum green not satisfied (9.0s < 10.0s)
323.0,J1,0,16,2,J1_J2,0.573,NORMAL,11.2,False,INACTIVE,False,EXTEND_GREEN,"high main queue (16), extending green"
323.0,J2,2,0,5,J2_J3,0.329,NORMAL,15.2,False,INACTIVE,False,HOLD,clearance phase active
323.0,J3,4,9,0,J3_J4,0.209,NORMAL,0.0,False,INACTIVE,False,HOLD,clearance phase active
323.0,J4,3,12,0,J4_E5,0.059,NORMAL,0.0,False,INACTIVE,False,START_TRANSITION,main queue (12) exceeds cross queue (0)
324.0,J1,0,14,2,J1_J2,0.593,NORMAL,12.0,False,INACTIVE,False,EXTEND_GREEN,"high main queue (14), extending green"
324.0,J2,2,2,6,J2_J3,0.329,NORMAL,15.0,False,INACTIVE,False,HOLD,clearance phase active
324.0,J3,4,9,0,J3_J4,0.209,NORMAL,0.0,False,INACTIVE,False,HOLD,clearance phase active
324.0,J4,4,13,0,J4_E5,0.02,NORMAL,0.0,False,INACTIVE,False,HOLD,clearance phase active
325.0,J1,0,12,2,J1_J2,0.632,NORMAL,12.8,False,INACTIVE,False,EXTEND_GREEN,"high main queue (12), extending green"
325.0,J2,3,5,4,J2_J3,0.329,NORMAL,12.3,False,INACTIVE,False,KEEP_GREEN,minimum green not satisfied (0.0s < 10.0s)
325.0,J3,4,10,1,J3_J4,0.209,NORMAL,0.8,False,INACTIVE,False,HOLD,clearance phase active
325.0,J4,4,15,0,J4_E5,0.0,NORMAL,0.0,False,INACTIVE,False,HOLD,clearance phase active
326.0,J1,0,11,2,J1_J2,0.632,NORMAL,11.87,False,INACTIVE,False,EXTEND_GREEN,"high main queue (11), extending green"
326.0,J2,3,7,2,J2_J3,0.329,NORMAL,13.4,False,INACTIVE,False,KEEP_GREEN,minimum green not satisfied (1.0s < 10.0s)
326.0,J3,5,10,1,J3_J4,0.209,NORMAL,1.6,False,INACTIVE,False,HOLD,clearance phase active
326.0,J4,4,15,0,J4_E5,0.0,NORMAL,0.0,False,INACTIVE,False,HOLD,clearance phase active
327.0,J1,0,9,3,J1_J2,0.671,NORMAL,11.7,False,INACTIVE,False,EXTEND_GREEN,"high main queue (9), extending green"
327.0,J2,3,9,1,J2_J3,0.329,NORMAL,10.2,False,INACTIVE,False,KEEP_GREEN,minimum green not satisfied (2.0s < 10.0s)
327.0,J3,5,10,1,J3_J4,0.209,NORMAL,2.4,False,INACTIVE,False,HOLD,clearance phase active
327.0,J4,5,16,0,J4_E5,0.0,NORMAL,0.0,False,INACTIVE,False,HOLD,clearance phase active
328.0,J1,0,11,3,J1_J2,0.69,NORMAL,12.4,False,INACTIVE,False,EXTEND_GREEN,"high main queue (11), extending green"
328.0,J2,3,10,0,J2_J3,0.29,NORMAL,0.0,False,INACTIVE,False,KEEP_GREEN,minimum green not satisfied (3.0s < 10.0s)
328.0,J3,0,6,1,J3_J4,0.209,NORMAL,5.2,False,INACTIVE,False,KEEP_GREEN,minimum green not satisfied (0.0s < 10.0s)
328.0,J4,5,16,1,J4_E5,0.0,NORMAL,0.8,False,INACTIVE,False,HOLD,clearance phase active
329.0,J1,0,9,4,J1_J2,0.69,NORMAL,13.2,False,INACTIVE,False,EXTEND_GREEN,"high main queue (9), extending green"
329.0,J2,3,12,0,J2_J3,0.29,NORMAL,0.0,False,INACTIVE,False,KEEP_GREEN,minimum green not satisfied (4.0s < 10.0s)
329.0,J3,0,2,1,J3_J4,0.171,NORMAL,6.0,False,INACTIVE,False,KEEP_GREEN,minimum green not satisfied (1.0s < 10.0s)
329.0,J4,0,12,1,J4_E5,0.0,NORMAL,3.6,False,INACTIVE,False,KEEP_GREEN,minimum green not satisfied (0.0s < 10.0s)
330.0,J1,0,7,4,J1_J2,0.728,NORMAL,14.0,False,INACTIVE,False,EXTEND_GREEN,"high main queue (7), extending green"
330.0,J2,3,12,0,J2_J3,0.29,NORMAL,0.0,False,INACTIVE,False,KEEP_GREEN,minimum green not satisfied (5.0s < 10.0s)
330.0,J3,0,0,1,J3_J4,0.171,NORMAL,6.8,False,INACTIVE,False,KEEP_GREEN,minimum green not satisfied (2.0s < 10.0s)
330.0,J4,0,9,1,J4_E5,0.0,NORMAL,3.8,False,INACTIVE,False,KEEP_GREEN,minimum green not satisfied (1.0s < 10.0s)
331.0,J1,0,5,4,J1_J2,0.728,NORMAL,14.8,False,INACTIVE,False,EXTEND_GREEN,"high main queue (5), extending green"
331.0,J2,3,14,0,J2_J3,0.272,NORMAL,0.0,False,INACTIVE,False,KEEP_GREEN,minimum green not satisfied (6.0s < 10.0s)
331.0,J3,0,0,1,J3_J4,0.21,NORMAL,7.6,False,INACTIVE,False,KEEP_GREEN,minimum green not satisfied (3.0s < 10.0s)
331.0,J4,0,6,1,J4_E5,0.0,NORMAL,4.4,False,INACTIVE,False,KEEP_GREEN,minimum green not satisfied (2.0s < 10.0s)
332.0,J1,0,3,4,J1_J2,0.768,WARNING,15.6,False,INACTIVE,False,START_TRANSITION,cross queue (4) exceeds main queue (3)
332.0,J2,3,16,0,J2_J3,0.272,NORMAL,0.0,False,INACTIVE,False,KEEP_GREEN,minimum green not satisfied (7.0s < 10.0s)
332.0,J3,0,0,1,J3_J4,0.172,NORMAL,8.4,False,INACTIVE,False,KEEP_GREEN,minimum green not satisfied (4.0s < 10.0s)
332.0,J4,0,3,2,J4_E5,0.039,NORMAL,5.2,False,INACTIVE,False,KEEP_GREEN,minimum green not satisfied (3.0s < 10.0s)
333.0,J1,1,2,4,J1_J2,0.768,WARNING,16.4,False,INACTIVE,False,HOLD,clearance phase active
333.0,J2,3,15,0,J2_J3,0.232,NORMAL,0.0,False,INACTIVE,False,KEEP_GREEN,minimum green not satisfied (8.0s < 10.0s)
333.0,J3,0,0,1,J3_J4,0.172,NORMAL,9.2,False,INACTIVE,False,KEEP_GREEN,minimum green not satisfied (5.0s < 10.0s)
333.0,J4,0,1,2,J4_E5,0.039,NORMAL,6.0,False,INACTIVE,False,KEEP_GREEN,minimum green not satisfied (4.0s < 10.0s)
334.0,J1,1,0,4,J1_J2,0.768,WARNING,17.2,False,INACTIVE,False,HOLD,clearance phase active
334.0,J2,3,18,0,J2_J3,0.193,NORMAL,0.0,False,INACTIVE,False,KEEP_GREEN,minimum green not satisfied (9.0s < 10.0s)
334.0,J3,0,0,1,J3_J4,0.191,NORMAL,10.0,False,INACTIVE,False,KEEP_GREEN,minimum green not satisfied (6.0s < 10.0s)
334.0,J4,0,0,2,J4_E5,0.078,NORMAL,6.8,False,INACTIVE,False,KEEP_GREEN,minimum green not satisfied (5.0s < 10.0s)
335.0,J1,1,0,4,J1_J2,0.786,WARNING,18.0,False,INACTIVE,False,HOLD,clearance phase active
335.0,J2,3,19,0,J2_J3,0.193,NORMAL,0.0,False,INACTIVE,False,START_TRANSITION,main queue (19) exceeds cross queue (0)
335.0,J3,0,0,1,J3_J4,0.192,NORMAL,10.8,False,INACTIVE,False,KEEP_GREEN,minimum green not satisfied (7.0s < 10.0s)
335.0,J4,0,0,2,J4_E5,0.078,NORMAL,7.6,False,INACTIVE,False,KEEP_GREEN,minimum green not satisfied (6.0s < 10.0s)
336.0,J1,2,1,4,J1_J2,0.786,WARNING,18.8,False,INACTIVE,False,HOLD,clearance phase active
336.0,J2,4,21,0,J2_J3,0.154,NORMAL,0.0,False,INACTIVE,False,HOLD,clearance phase active
336.0,J3,0,0,1,J3_J4,0.231,NORMAL,11.6,False,INACTIVE,False,KEEP_GREEN,minimum green not satisfied (8.0s < 10.0s)
336.0,J4,0,0,2,J4_E5,0.118,NORMAL,8.4,False,INACTIVE,False,KEEP_GREEN,minimum green not satisfied (7.0s < 10.0s)
337.0,J1,2,1,4,J1_J2,0.786,WARNING,19.6,False,INACTIVE,False,HOLD,clearance phase active
337.0,J2,4,22,0,J2_J3,0.154,NORMAL,0.0,False,INACTIVE,False,HOLD,clearance phase active
337.0,J3,0,0,1,J3_J4,0.212,NORMAL,12.4,False,INACTIVE,False,KEEP_GREEN,minimum green not satisfied (9.0s < 10.0s)
337.0,J4,0,0,2,J4_E5,0.118,NORMAL,9.2,False,INACTIVE,False,KEEP_GREEN,minimum green not satisfied (8.0s < 10.0s)
338.0,J1,3,3,2,J1_J2,0.806,WARNING,15.6,False,INACTIVE,False,KEEP_GREEN,minimum green not satisfied (0.0s < 10.0s)
338.0,J2,4,24,0,J2_J3,0.136,NORMAL,0.0,False,INACTIVE,False,HOLD,clearance phase active
338.0,J3,0,0,1,J3_J4,0.251,NORMAL,13.2,False,INACTIVE,False,START_TRANSITION,main queue empty and cross queue waiting (1)
338.0,J4,0,0,2,J4_E5,0.137,NORMAL,8.8,False,INACTIVE,False,KEEP_GREEN,minimum green not satisfied (9.0s < 10.0s)
339.0,J1,3,3,1,J1_J2,0.806,WARNING,10.4,False,INACTIVE,False,KEEP_GREEN,minimum green not satisfied (1.0s < 10.0s)
339.0,J2,5,24,1,J2_J3,0.136,NORMAL,0.8,False,INACTIVE,False,HOLD,clearance phase active
339.0,J3,1,0,1,J3_J4,0.212,NORMAL,14.0,False,INACTIVE,False,HOLD,clearance phase active
339.0,J4,0,0,3,J4_E5,0.137,NORMAL,9.6,False,INACTIVE,False,START_TRANSITION,cross queue (3) exceeds main queue (0)
340.0,J1,3,5,0,J1_J2,0.806,WARNING,0.0,False,INACTIVE,False,KEEP_GREEN,minimum green not satisfied (2.0s < 10.0s)
340.0,J2,5,25,1,J2_J3,0.136,NORMAL,1.6,False,INACTIVE,False,HOLD,clearance phase active
340.0,J3,1,0,1,J3_J4,0.212,NORMAL,14.8,False,INACTIVE,False,HOLD,clearance phase active
340.0,J4,1,0,3,J4_E5,0.157,NORMAL,10.4,False,INACTIVE,False,HOLD,clearance phase active
341.0,J1,3,7,0,J1_J2,0.768,WARNING,0.0,False,INACTIVE,False,KEEP_GREEN,minimum green not satisfied (3.0s < 10.0s)
341.0,J2,0,23,1,J2_J3,0.136,NORMAL,4.4,False,INACTIVE,False,KEEP_GREEN,minimum green not satisfied (0.0s < 10.0s)
341.0,J3,1,0,1,J3_J4,0.212,NORMAL,15.6,False,INACTIVE,False,HOLD,clearance phase active
341.0,J4,1,0,4,J4_E5,0.183,NORMAL,10.4,False,INACTIVE,False,HOLD,clearance phase active
342.0,J1,3,8,0,J1_J2,0.768,WARNING,0.0,False,INACTIVE,False,KEEP_GREEN,minimum green not satisfied (4.0s < 10.0s)
342.0,J2,0,22,1,J2_J3,0.136,NORMAL,5.2,False,INACTIVE,False,KEEP_GREEN,minimum green not satisfied (1.0s < 10.0s)
342.0,J3,2,1,1,J3_J4,0.212,NORMAL,16.4,False,INACTIVE,False,HOLD,clearance phase active
342.0,J4,1,0,4,J4_E5,0.183,NORMAL,10.56,False,INACTIVE,False,HOLD,clearance phase active
343.0,J1,3,10,0,J1_J2,0.768,WARNING,0.0,False,INACTIVE,False,KEEP_GREEN,minimum green not satisfied (5.0s < 10.0s)
343.0,J2,0,21,1,J2_J3,0.136,NORMAL,6.0,False,INACTIVE,False,KEEP_GREEN,minimum green not satisfied (2.0s < 10.0s)
343.0,J3,2,2,1,J3_J4,0.212,NORMAL,17.2,False,INACTIVE,False,HOLD,clearance phase active
343.0,J4,2,1,4,J4_E5,0.183,NORMAL,11.28,False,INACTIVE,False,HOLD,clearance phase active
344.0,J1,3,10,0,J1_J2,0.731,NORMAL,0.0,False,INACTIVE,False,KEEP_GREEN,minimum green not satisfied (6.0s < 10.0s)
344.0,J2,0,19,1,J2_J3,0.173,NORMAL,6.8,False,INACTIVE,False,KEEP_GREEN,minimum green not satisfied (3.0s < 10.0s)
344.0,J3,3,3,0,J3_J4,0.212,NORMAL,0.0,False,INACTIVE,False,KEEP_GREEN,minimum green not satisfied (0.0s < 10.0s)
344.0,J4,2,2,5,J4_E5,0.183,NORMAL,11.53,False,INACTIVE,False,HOLD,clearance phase active
345.0,J1,3,12,0,J1_J2,0.731,NORMAL,0.0,False,INACTIVE,False,KEEP_GREEN,minimum green not satisfied (7.0s < 10.0s)
345.0,J2,0,19,1,J2_J3,0.173,NORMAL,7.6,False,INACTIVE,False,KEEP_GREEN,minimum green not satisfied (4.0s < 10.0s)
345.0,J3,3,4,0,J3_J4,0.212,NORMAL,0.0,False,INACTIVE,False,KEEP_GREEN,minimum green not satisfied (1.0s < 10.0s)
345.0,J4,3,3,4,J4_E5,0.183,NORMAL,4.3,False,INACTIVE,False,KEEP_GREEN,minimum green not satisfied (0.0s < 10.0s)
346.0,J1,3,13,0,J1_J2,0.712,NORMAL,0.0,False,INACTIVE,False,KEEP_GREEN,minimum green not satisfied (8.0s < 10.0s)
346.0,J2,0,17,1,J2_J3,0.211,NORMAL,6.8,False,INACTIVE,False,KEEP_GREEN,minimum green not satisfied (5.0s < 10.0s)
346.0,J3,3,5,0,J3_J4,0.212,NORMAL,0.0,False,INACTIVE,False,KEEP_GREEN,minimum green not satisfied (2.0s < 10.0s)
346.0,J4,3,4,2,J4_E5,0.183,NORMAL,2.2,False,INACTIVE,False,KEEP_GREEN,minimum green not satisfied (1.0s < 10.0s)
347.0,J1,3,14,0,J1_J2,0.693,NORMAL,0.0,False,INACTIVE,False,KEEP_GREEN,minimum green not satisfied (9.0s < 10.0s)
347.0,J2,0,16,2,J2_J3,0.211,NORMAL,7.6,False,INACTIVE,False,KEEP_GREEN,minimum green not satisfied (6.0s < 10.0s)
347.0,J3,3,5,0,J3_J4,0.212,NORMAL,0.0,False,INACTIVE,False,KEEP_GREEN,minimum green not satisfied (3.0s < 10.0s)
347.0,J4,3,5,0,J4_E5,0.147,NORMAL,0.0,False,INACTIVE,False,KEEP_GREEN,minimum green not satisfied (2.0s < 10.0s)
348.0,J1,3,16,0,J1_J2,0.674,NORMAL,0.0,False,INACTIVE,False,START_TRANSITION,main queue (16) exceeds cross queue (0)
348.0,J2,0,17,2,J2_J3,0.249,NORMAL,8.4,False,INACTIVE,False,KEEP_GREEN,minimum green not satisfied (7.0s < 10.0s)
348.0,J3,3,5,0,J3_J4,0.212,NORMAL,0.0,False,INACTIVE,False,KEEP_GREEN,minimum green not satisfied (4.0s < 10.0s)
348.0,J4,3,8,0,J4_E5,0.147,NORMAL,0.0,False,INACTIVE,False,KEEP_GREEN,minimum green not satisfied (3.0s < 10.0s)
349.0,J1,4,18,0,J1_J2,0.655,NORMAL,0.0,False,INACTIVE,False,HOLD,clearance phase active
349.0,J2,0,16,2,J2_J3,0.249,NORMAL,9.2,False,INACTIVE,False,KEEP_GREEN,minimum green not satisfied (8.0s < 10.0s)
349.0,J3,3,6,0,J3_J4,0.212,NORMAL,0.0,False,INACTIVE,False,KEEP_GREEN,minimum green not satisfied (5.0s < 10.0s)
349.0,J4,3,10,0,J4_E5,0.11,NORMAL,0.0,False,INACTIVE,False,KEEP_GREEN,minimum green not satisfied (4.0s < 10.0s)
350.0,J1,4,19,0,J1_J2,0.636,NORMAL,0.0,False,INACTIVE,False,HOLD,clearance phase active
350.0,J2,0,15,2,J2_J3,0.286,NORMAL,10.0,False,INACTIVE,False,KEEP_GREEN,minimum green not satisfied (9.0s < 10.0s)
350.0,J3,3,6,0,J3_J4,0.212,NORMAL,0.0,False,INACTIVE,False,KEEP_GREEN,minimum green not satisfied (6.0s < 10.0s)
350.0,J4,3,10,0,J4_E5,0.11,NORMAL,0.0,False,INACTIVE,False,KEEP_GREEN,minimum green not satisfied (5.0s < 10.0s)
351.0,J1,4,20,0,J1_J2,0.616,NORMAL,0.0,False,INACTIVE,False,HOLD,clearance phase active
351.0,J2,0,15,2,J2_J3,0.286,NORMAL,10.8,False,INACTIVE,False,EXTEND_GREEN,"high main queue (15), extending green"
351.0,J3,3,7,0,J3_J4,0.212,NORMAL,0.0,False,INACTIVE,False,KEEP_GREEN,minimum green not satisfied (7.0s < 10.0s)
351.0,J4,3,10,0,J4_E5,0.074,NORMAL,0.0,False,INACTIVE,False,KEEP_GREEN,minimum green not satisfied (6.0s < 10.0s)
352.0,J1,5,21,0,J1_J2,0.578,NORMAL,0.0,False,INACTIVE,False,HOLD,clearance phase active
352.0,J2,0,14,2,J2_J3,0.326,NORMAL,11.6,False,INACTIVE,False,EXTEND_GREEN,"high main queue (14), extending green"
352.0,J3,3,7,0,J3_J4,0.212,NORMAL,0.0,False,INACTIVE,False,KEEP_GREEN,minimum green not satisfied (8.0s < 10.0s)
352.0,J4,3,10,0,J4_E5,0.074,NORMAL,0.0,False,INACTIVE,False,KEEP_GREEN,minimum green not satisfied (7.0s < 10.0s)
353.0,J1,5,23,0,J1_J2,0.578,NORMAL,0.0,False,INACTIVE,False,HOLD,clearance phase active
353.0,J2,0,12,2,J2_J3,0.326,NORMAL,12.4,False,INACTIVE,False,EXTEND_GREEN,"high main queue (12), extending green"
353.0,J3,3,8,0,J3_J4,0.212,NORMAL,0.0,False,INACTIVE,False,KEEP_GREEN,minimum green not satisfied (9.0s < 10.0s)
353.0,J4,3,11,0,J4_E5,0.056,NORMAL,0.0,False,INACTIVE,False,KEEP_GREEN,minimum green not satisfied (8.0s < 10.0s)
354.0,J1,0,20,0,J1_J2,0.54,NORMAL,0.0,False,INACTIVE,False,KEEP_GREEN,minimum green not satisfied (0.0s < 10.0s)
354.0,J2,0,11,2,J2_J3,0.363,NORMAL,13.2,False,INACTIVE,False,EXTEND_GREEN,"high main queue (11), extending green"
354.0,J3,3,8,0,J3_J4,0.212,NORMAL,0.0,False,INACTIVE,False,START_TRANSITION,main queue (8) exceeds cross queue (0)
354.0,J4,3,11,0,J4_E5,0.056,NORMAL,0.0,False,INACTIVE,False,KEEP_GREEN,minimum green not satisfied (9.0s < 10.0s)
355.0,J1,0,21,0,J1_J2,0.54,NORMAL,0.0,False,INACTIVE,False,KEEP_GREEN,minimum green not satisfied (1.0s < 10.0s)
355.0,J2,0,9,2,J2_J3,0.363,NORMAL,14.0,False,INACTIVE,False,EXTEND_GREEN,"high main queue (9), extending green"
355.0,J3,4,10,0,J3_J4,0.212,NORMAL,0.0,False,INACTIVE,False,HOLD,clearance phase active
355.0,J4,3,12,0,J4_E5,0.056,NORMAL,0.0,False,INACTIVE,False,START_TRANSITION,main queue (12) exceeds cross queue (0)
356.0,J1,0,20,0,J1_J2,0.501,NORMAL,0.0,False,INACTIVE,False,KEEP_GREEN,minimum green not satisfied (2.0s < 10.0s)
356.0,J2,0,7,2,J2_J3,0.402,NORMAL,14.8,False,INACTIVE,False,EXTEND_GREEN,"high main queue (7), extending green"
356.0,J3,4,11,0,J3_J4,0.212,NORMAL,0.0,False,INACTIVE,False,HOLD,clearance phase active
356.0,J4,4,13,0,J4_E5,0.038,NORMAL,0.0,False,INACTIVE,False,HOLD,clearance phase active
357.0,J1,0,19,0,J1_J2,0.501,NORMAL,0.0,False,INACTIVE,False,KEEP_GREEN,minimum green not satisfied (3.0s < 10.0s)
357.0,J2,0,5,2,J2_J3,0.44,NORMAL,15.6,False,INACTIVE,False,EXTEND_GREEN,"high main queue (5), extending green"
357.0,J3,4,11,0,J3_J4,0.212,NORMAL,0.0,False,INACTIVE,False,HOLD,clearance phase active
357.0,J4,4,14,0,J4_E5,0.038,NORMAL,0.0,False,INACTIVE,False,HOLD,clearance phase active
358.0,J1,0,19,1,J1_J2,0.482,NORMAL,0.8,False,INACTIVE,False,KEEP_GREEN,minimum green not satisfied (4.0s < 10.0s)
358.0,J2,0,3,2,J2_J3,0.44,NORMAL,16.4,False,INACTIVE,False,EXTEND_GREEN,"high main queue (3), extending green"
358.0,J3,5,12,0,J3_J4,0.212,NORMAL,0.0,False,INACTIVE,False,HOLD,clearance phase active
358.0,J4,4,15,0,J4_E5,0.038,NORMAL,0.0,False,INACTIVE,False,HOLD,clearance phase active
359.0,J1,0,17,1,J1_J2,0.521,NORMAL,1.6,False,INACTIVE,False,KEEP_GREEN,minimum green not satisfied (5.0s < 10.0s)
359.0,J2,0,2,2,J2_J3,0.459,NORMAL,17.2,False,INACTIVE,False,KEEP_GREEN,main demand below threshold
359.0,J3,5,12,0,J3_J4,0.212,NORMAL,0.0,False,INACTIVE,False,HOLD,clearance phase active
359.0,J4,5,15,0,J4_E5,0.0,NORMAL,0.0,False,INACTIVE,False,HOLD,clearance phase active
